[Licensing::Module] Trying to connect to existing licensing client channel...
Built from '6000.3/staging' branch; Version is '6000.3.2f1 (a9779f353c9b) revision 11106207'; Using compiler version '194234433'; Build Type 'Release'
OS: 'Windows 11  (10.0.26200) 64bit Core' Language: 'it' Physical Memory: 16095 MB
[Licensing::IpcConnector] Successfully connected to: "LicenseClient-Gianl" at "2026-02-22T09:51:00.2759742Z"
BatchMode: 1, IsHumanControllingUs: 0, StartBugReporterOnCrash: 0, Is64bit: 1
Date: 2026-02-22T09:51:00Z

COMMAND LINE ARGUMENTS:
C:\Program Files\Unity\Hub\Editor\6000.3.2f1\Editor\Unity.exe
-adb2
-batchMode
-noUpm
-name
AssetImportWorker3
-projectPath
C:/Users/Gianl/OneDrive/Documenti/GitHub_Projects/magicExplorer
-logFile
Logs/AssetImportWorker3.log
-srvPort
63825
-licensingIpc
LicenseClient-Gianl
-job-worker-count
7
-background-job-worker-count
8
-gc-helper-count
1
-name
AssetImport
Successfully changed project path to: C:/Users/Gianl/OneDrive/Documenti/GitHub_Projects/magicExplorer
C:/Users/Gianl/OneDrive/Documenti/GitHub_Projects/magicExplorer
[UnityMemory] Configuration Parameters - Can be set up in boot.config
    "memorysetup-temp-allocator-size-nav-mesh-worker=65536"
    "memorysetup-temp-allocator-size-audio-worker=65536"
    "memorysetup-temp-allocator-size-gfx=262144"
    "memorysetup-allocator-temp-initial-block-size-main=262144"
    "memorysetup-allocator-temp-initial-block-size-worker=262144"
    "memorysetup-temp-allocator-size-background-worker=32768"
    "memorysetup-temp-allocator-size-job-worker=262144"
    "memorysetup-temp-allocator-size-preload-manager=33554432"
    "memorysetup-temp-allocator-size-gi-baking-worker=262144"
    "memorysetup-temp-allocator-size-gi-baking-worker=262144"
    "memorysetup-temp-allocator-size-gi-baking-worker=262144"
    "memorysetup-temp-allocator-size-gi-baking-worker=262144"
    "memorysetup-temp-allocator-size-gi-baking-worker=262144"
    "memorysetup-bucket-allocator-granularity=16"
    "memorysetup-bucket-allocator-bucket-count=8"
    "memorysetup-bucket-allocator-block-size=33554432"
    "memorysetup-bucket-allocator-block-count=8"
    "memorysetup-main-allocator-block-size=16777216"
    "memorysetup-thread-allocator-block-size=16777216"
    "memorysetup-gfx-main-allocator-block-size=16777216"
    "memorysetup-gfx-thread-allocator-block-size=16777216"
    "memorysetup-cache-allocator-block-size=4194304"
    "memorysetup-typetree-allocator-block-size=2097152"
    "memorysetup-profiler-bucket-allocator-granularity=16"
    "memorysetup-profiler-bucket-allocator-bucket-count=8"
    "memorysetup-profiler-bucket-allocator-block-size=33554432"
    "memorysetup-profiler-bucket-allocator-block-count=8"
    "memorysetup-profiler-allocator-block-size=16777216"
    "memorysetup-profiler-editor-allocator-block-size=1048576"
    "memorysetup-temp-allocator-size-main=16777216"
    "memorysetup-job-temp-allocator-block-size=2097152"
    "memorysetup-job-temp-allocator-block-size-background=1048576"
    "memorysetup-job-temp-allocator-reduction-small-platforms=262144"
    "memorysetup-temp-allocator-size-cloud-worker=32768"
Player connection [27632]  Target information:

Player connection [27632]  * "[IP] 192.168.56.1 [Port] 0 [Flags] 2 [Guid] 3339015232 [EditorId] 3339015232 [Version] 1048832 [Id] WindowsEditor(7,Gianluca_PC) [Debug] 1 [PackageName] WindowsEditor [ProjectName] Editor" 

Player connection [27632]  * "[IP] 192.168.1.48 [Port] 0 [Flags] 2 [Guid] 3339015232 [EditorId] 3339015232 [Version] 1048832 [Id] WindowsEditor(7,Gianluca_PC) [Debug] 1 [PackageName] WindowsEditor [ProjectName] Editor" 

Player connection [27632] Host joined multi-casting on [225.0.0.222:54997]...
Player connection [27632] Host joined alternative multi-casting on [225.0.0.222:34997]...
JobSystem: Creating JobQueue using job-worker-count value 7
Input System module state changed to: Initialized.
[Physics::Module] Initialized fallback backend.
[Physics::Module] Id: 0xdecafbad
Library Redirect Path: Library/
[Physics::Module] Selected backend.
[Physics::Module] Name: PhysX
[Physics::Module] Id: 0xf2b8ea05
[Physics::Module] SDK Version: 4.1.2
[Physics::Module] Integration Version: 1.0.0
[Physics::Module] Threading Mode: Multi-Threaded
Refreshing native plugins compatible for Editor in 5.52 ms, found 4 plugins.
Preloading 0 native plugins for Editor in 0.00 ms.
Initialize engine version: 6000.3.2f1 (a9779f353c9b)
[Subsystems] Discovering subsystems at path C:/Program Files/Unity/Hub/Editor/6000.3.2f1/Editor/Data/Resources/UnitySubsystems
[Subsystems] Discovering subsystems at path C:/Users/Gianl/OneDrive/Documenti/GitHub_Projects/magicExplorer/Assets
GfxDevice: creating device client; kGfxThreadingModeNonThreaded
Direct3D:
    Version:  Direct3D 11.0 [level 11.1]
    Renderer: Intel(R) Iris(R) Xe Graphics (ID=0xa7a0)
    Vendor:   Intel
    VRAM:     8047 MB
    Driver:   32.0.101.6078
Initialize mono
Mono path[0] = 'C:/Program Files/Unity/Hub/Editor/6000.3.2f1/Editor/Data/Managed'
Mono path[1] = 'C:/Program Files/Unity/Hub/Editor/6000.3.2f1/Editor/Data/MonoBleedingEdge/lib/mono/unityjit-win32'
Mono config path = 'C:/Program Files/Unity/Hub/Editor/6000.3.2f1/Editor/Data/MonoBleedingEdge/etc'
Using monoOptions --debugger-agent=transport=dt_socket,embedding=1,server=y,suspend=n,address=127.0.0.1:56028
Begin MonoManager ReloadAssembly
Registering precompiled unity dll's ...
Register platform support module: C:/Program Files/Unity/Hub/Editor/6000.3.2f1/Editor/Data/PlaybackEngines/WebGLSupport/UnityEditor.WebGL.Extensions.dll
Register platform support module: C:/Program Files/Unity/Hub/Editor/6000.3.2f1/Editor/Data/PlaybackEngines/WindowsStandaloneSupport/UnityEditor.WindowsStandalone.Extensions.dll
Registered in 0.002953 seconds.
- Loaded All Assemblies, in  1.178 seconds
Native extension for WindowsStandalone target not found
Native extension for WebGL target not found
Mono: successfully reloaded assembly
- Finished resetting the current domain, in  1.347 seconds
Domain Reload Profiling: 2519ms
	BeginReloadAssembly (239ms)
		ExecutionOrderSort (0ms)
		DisableScriptedObjects (0ms)
		BackupInstance (0ms)
		ReleaseScriptingObjects (0ms)
		CreateAndSetChildDomain (2ms)
	RebuildCommonClasses (91ms)
	RebuildNativeTypeToScriptingClass (19ms)
	initialDomainReloadingComplete (92ms)
	LoadAllAssembliesAndSetupDomain (731ms)
		LoadAssemblies (231ms)
		RebuildTransferFunctionScriptingTraits (0ms)
		AnalyzeDomain (726ms)
			TypeCache.Refresh (718ms)
				TypeCache.ScanAssembly (697ms)
			BuildScriptInfoCaches (0ms)
			ResolveRequiredComponents (1ms)
	FinalizeReload (1348ms)
		ReleaseScriptCaches (0ms)
		RebuildScriptCaches (0ms)
		SetupLoadedEditorAssemblies (1236ms)
			LogAssemblyErrors (0ms)
			InitializePlatformSupportModulesInManaged (120ms)
			SetLoadedEditorAssemblies (6ms)
			BeforeProcessingInitializeOnLoad (157ms)
			ProcessInitializeOnLoadAttributes (305ms)
			ProcessInitializeOnLoadMethodAttributes (647ms)
			AfterProcessingInitializeOnLoad (0ms)
			EditorAssembliesLoaded (0ms)
		ExecutionOrderSort2 (0ms)
		AwakeInstancesAfterBackupRestoration (0ms)
========================================================================
Worker process is ready to serve import requests
Import Worker Mode flag is 0x00
Begin MonoManager ReloadAssembly
[Licensing::Module] Licensing is not yet initialized.
[Licensing::Client] Handshaking with LicensingClient:
  Version:                 1.17.4+4293ba1
  Session Id:              c8007138fdcb4aaaa1935bf4fdb3965e
  Correlation Id:          fc3c2aad18b71187179e446627138ee2
  External correlation Id: 8699193779433213769
  Machine Id:              aW418Y1nn6jfA9745zGJhLnfEDk=
[Licensing::Module] Successfully connected to LicensingClient on channel: "LicenseClient-Gianl" (connect: 0.00s, validation: 0.00s, handshake: 5.91s)
[Licensing::IpcConnector] Successfully connected to: "LicenseClient-Gianl-notifications" at "2026-02-22T09:51:06.1914475Z"
[Licensing::Module] Licensing Background thread has ended after 5.92s
[Licensing::Module] Licensing is initialized (took 0.27s).
[Licensing::Client] Successfully resolved entitlement details
[Licensing::Module] License group:
  Id: 9072335735776-UnityPersXXXX
  Product: Unity Personal
  Type: Assigned
  Expiration: Unlimited
- Loaded All Assemblies, in  2.243 seconds
Refreshing native plugins compatible for Editor in 5.27 ms, found 4 plugins.
Native extension for WindowsStandalone target not found
Native extension for WebGL target not found
Package Manager log level set to [2]
[Package Manager] Failed to launch server process. Reason: Unity was launched with the -noUpm command-line argument
[Package Manager] Unable to send message (not connected to server process).
[Package Manager] Cannot connect to Unity Package Manager local server
<HackaTime> Initializing...
UnityEngine.Debug:ExtractStackTraceNoAlloc (byte*,int,string)
UnityEngine.StackTraceUtility:ExtractStackTrace ()
UnityEngine.DebugLogHandler:Internal_Log (UnityEngine.LogType,UnityEngine.LogOption,string,UnityEngine.Object)
UnityEngine.DebugLogHandler:LogFormat (UnityEngine.LogType,UnityEngine.Object,string,object[])
UnityEngine.Logger:Log (UnityEngine.LogType,object)
UnityEngine.Debug:Log (object)
WakaTime.Plugin:Initialize () (at ./Library/PackageCache/com.daniel-geo.unityhackatime@5ac210a9a287/Editor/Plugin.cs:76)
WakaTime.Plugin:.cctor () (at ./Library/PackageCache/com.daniel-geo.unityhackatime@5ac210a9a287/Editor/Plugin.cs:41)
System.Runtime.CompilerServices.RuntimeHelpers:RunClassConstructor (System.RuntimeTypeHandle)
UnityEditor.EditorAssemblies:ProcessInitializeOnLoadAttributes (System.Type[])

(Filename: ./Library/PackageCache/com.daniel-geo.unityhackatime@5ac210a9a287/Editor/Plugin.cs Line: 76)

<HackaTime> Sending heartbeat...
UnityEngine.Debug:ExtractStackTraceNoAlloc (byte*,int,string)
UnityEngine.StackTraceUtility:ExtractStackTrace ()
UnityEngine.DebugLogHandler:Internal_Log (UnityEngine.LogType,UnityEngine.LogOption,string,UnityEngine.Object)
UnityEngine.DebugLogHandler:LogFormat (UnityEngine.LogType,UnityEngine.Object,string,object[])
UnityEngine.Logger:Log (UnityEngine.LogType,object)
UnityEngine.Debug:Log (object)
WakaTime.Plugin/<SendHeartbeat>d__29:MoveNext () (at ./Library/PackageCache/com.daniel-geo.unityhackatime@5ac210a9a287/Editor/Plugin.cs:144)
System.Runtime.CompilerServices.AsyncVoidMethodBuilder:Start<WakaTime.Plugin/<SendHeartbeat>d__29> (WakaTime.Plugin/<SendHeartbeat>d__29&)
WakaTime.Plugin:SendHeartbeat (bool)
WakaTime.Plugin:Initialize () (at ./Library/PackageCache/com.daniel-geo.unityhackatime@5ac210a9a287/Editor/Plugin.cs:78)
WakaTime.Plugin:.cctor () (at ./Library/PackageCache/com.daniel-geo.unityhackatime@5ac210a9a287/Editor/Plugin.cs:41)
System.Runtime.CompilerServices.RuntimeHelpers:RunClassConstructor (System.RuntimeTypeHandle)
UnityEditor.EditorAssemblies:ProcessInitializeOnLoadAttributes (System.Type[])

(Filename: ./Library/PackageCache/com.daniel-geo.unityhackatime@5ac210a9a287/Editor/Plugin.cs Line: 144)

Mono: successfully reloaded assembly
- Finished resetting the current domain, in  2.127 seconds
Domain Reload Profiling: 4352ms
	BeginReloadAssembly (725ms)
		ExecutionOrderSort (0ms)
		DisableScriptedObjects (12ms)
		BackupInstance (0ms)
		ReleaseScriptingObjects (0ms)
		CreateAndSetChildDomain (61ms)
	RebuildCommonClasses (85ms)
	RebuildNativeTypeToScriptingClass (33ms)
	initialDomainReloadingComplete (98ms)
	LoadAllAssembliesAndSetupDomain (1282ms)
		LoadAssemblies (970ms)
		RebuildTransferFunctionScriptingTraits (0ms)
		AnalyzeDomain (604ms)
			TypeCache.Refresh (442ms)
				TypeCache.ScanAssembly (407ms)
			BuildScriptInfoCaches (134ms)
			ResolveRequiredComponents (21ms)
	FinalizeReload (2128ms)
		ReleaseScriptCaches (0ms)
		RebuildScriptCaches (0ms)
		SetupLoadedEditorAssemblies (1762ms)
			LogAssemblyErrors (0ms)
			InitializePlatformSupportModulesInManaged (5ms)
			SetLoadedEditorAssemblies (7ms)
			BeforeProcessingInitializeOnLoad (357ms)
			ProcessInitializeOnLoadAttributes (974ms)
			ProcessInitializeOnLoadMethodAttributes (403ms)
			AfterProcessingInitializeOnLoad (15ms)
			EditorAssembliesLoaded (1ms)
		ExecutionOrderSort2 (0ms)
		AwakeInstancesAfterBackupRestoration (11ms)
Launched and connected shader compiler UnityShaderCompiler.exe after 0.04 seconds
Refreshing native plugins compatible for Editor in 2.24 ms, found 4 plugins.
Preloading 0 native plugins for Editor in 0.00 ms.
Unloading 16 Unused Serialized files (Serialized files now loaded: 0)
<HackaTime> Got response
{"id":1653534323,"user_id":7870,"branch":"main","category":"coding","dependencies":[],"editor":"","entity":"Unsaved Scene","language":"unity","machine":null,"operating_system":"","project":"magicExplorer","type":"file","user_agent":"unity-hackatime","line_additions":null,"line_deletions":null,"lineno":null,"lines":null,"cursorpos":null,"project_root_count":null,"time":1771753856.0,"is_write":false,"created_at":"2026-02-22T09:50:36.411Z","updated_at":"2026-02-22T09:50:36.412Z","fields_hash":"3ef784b614a249f11b155a0e10522bf7","source_type":"direct_entry","ip_address":"2.34.183.101","ysws_program":"nothing","deleted_at":null,"raw_data":null,"raw_heartbeat_upload_id":199382689}
UnityEngine.Debug:ExtractStackTraceNoAlloc (byte*,int,string)
UnityEngine.StackTraceUtility:ExtractStackTrace ()
UnityEngine.DebugLogHandler:Internal_Log (UnityEngine.LogType,UnityEngine.LogOption,string,UnityEngine.Object)
UnityEngine.DebugLogHandler:LogFormat (UnityEngine.LogType,UnityEngine.Object,string,object[])
UnityEngine.Logger:Log (UnityEngine.LogType,object)
UnityEngine.Debug:Log (object)
WakaTime.Plugin/<SendHeartbeat>d__29:MoveNext () (at ./Library/PackageCache/com.daniel-geo.unityhackatime@5ac210a9a287/Editor/Plugin.cs:187)
System.Runtime.CompilerServices.AsyncMethodBuilderCore/MoveNextRunner:InvokeMoveNext (object)
System.Threading.ExecutionContext:RunInternal (System.Threading.ExecutionContext,System.Threading.ContextCallback,object,bool)
System.Threading.ExecutionContext:Run (System.Threading.ExecutionContext,System.Threading.ContextCallback,object,bool)
System.Runtime.CompilerServices.AsyncMethodBuilderCore/MoveNextRunner:Run ()
System.Threading.Tasks.AwaitTaskContinuation:InvokeAction (object)
System.Threading.Tasks.AwaitTaskContinuation:RunCallback (System.Threading.ContextCallback,object,System.Threading.Tasks.Task&)
System.Threading.Tasks.SynchronizationContextAwaitTaskContinuation:Run (System.Threading.Tasks.Task,bool)
System.Threading.Tasks.Task:FinishContinuations ()
System.Threading.Tasks.Task:FinishStageThree ()
System.Threading.Tasks.Task`1<bool>:TrySetResult (bool)
System.Threading.Tasks.TaskCompletionSource`1<bool>:TrySetResult (bool)
WakaTime.Plugin/<>c__DisplayClass29_0:<SendHeartbeat>b__0 (UnityEngine.AsyncOperation) (at ./Library/PackageCache/com.daniel-geo.unityhackatime@5ac210a9a287/Editor/Plugin.cs:176)
UnityEngine.AsyncOperation:InvokeCompletionEvent ()

(Filename: ./Library/PackageCache/com.daniel-geo.unityhackatime@5ac210a9a287/Editor/Plugin.cs Line: 187)

<HackaTime> Sent heartbeat!
UnityEngine.Debug:ExtractStackTraceNoAlloc (byte*,int,string)
UnityEngine.StackTraceUtility:ExtractStackTrace ()
UnityEngine.DebugLogHandler:Internal_Log (UnityEngine.LogType,UnityEngine.LogOption,string,UnityEngine.Object)
UnityEngine.DebugLogHandler:LogFormat (UnityEngine.LogType,UnityEngine.Object,string,object[])
UnityEngine.Logger:Log (UnityEngine.LogType,object)
UnityEngine.Debug:Log (object)
WakaTime.Plugin/<SendHeartbeat>d__29:MoveNext () (at ./Library/PackageCache/com.daniel-geo.unityhackatime@5ac210a9a287/Editor/Plugin.cs:203)
System.Runtime.CompilerServices.AsyncMethodBuilderCore/MoveNextRunner:InvokeMoveNext (object)
System.Threading.ExecutionContext:RunInternal (System.Threading.ExecutionContext,System.Threading.ContextCallback,object,bool)
System.Threading.ExecutionContext:Run (System.Threading.ExecutionContext,System.Threading.ContextCallback,object,bool)
System.Runtime.CompilerServices.AsyncMethodBuilderCore/MoveNextRunner:Run ()
System.Threading.Tasks.AwaitTaskContinuation:InvokeAction (object)
System.Threading.Tasks.AwaitTaskContinuation:RunCallback (System.Threading.ContextCallback,object,System.Threading.Tasks.Task&)
System.Threading.Tasks.SynchronizationContextAwaitTaskContinuation:Run (System.Threading.Tasks.Task,bool)
System.Threading.Tasks.Task:FinishContinuations ()
System.Threading.Tasks.Task:FinishStageThree ()
System.Threading.Tasks.Task`1<bool>:TrySetResult (bool)
System.Threading.Tasks.TaskCompletionSource`1<bool>:TrySetResult (bool)
WakaTime.Plugin/<>c__DisplayClass29_0:<SendHeartbeat>b__0 (UnityEngine.AsyncOperation) (at ./Library/PackageCache/com.daniel-geo.unityhackatime@5ac210a9a287/Editor/Plugin.cs:176)
UnityEngine.AsyncOperation:InvokeCompletionEvent ()

(Filename: ./Library/PackageCache/com.daniel-geo.unityhackatime@5ac210a9a287/Editor/Plugin.cs Line: 203)

Unloading 6877 unused Assets / (5.0 MB). Loaded Objects now: 7710.
Memory consumption went from 154.0 MB to 148.9 MB.
Total: 12.799300 ms (FindLiveObjects: 0.706800 ms CreateObjectMapping: 0.728000 ms MarkObjects: 7.658500 ms  DeleteObjects: 3.703800 ms)

========================================================================
Received Prepare
Begin MonoManager ReloadAssembly
[Licensing::Client] Successfully resolved entitlement details
- Loaded All Assemblies, in  0.688 seconds
Refreshing native plugins compatible for Editor in 1.19 ms, found 4 plugins.
Native extension for WindowsStandalone target not found
Native extension for WebGL target not found
[Package Manager] Failed to launch server process. Reason: Unity was launched with the -noUpm command-line argument
[Package Manager] Unable to send message (not connected to server process).
[Package Manager] Cannot connect to Unity Package Manager local server
<HackaTime> Initializing...
UnityEngine.Debug:ExtractStackTraceNoAlloc (byte*,int,string)
UnityEngine.StackTraceUtility:ExtractStackTrace ()
UnityEngine.DebugLogHandler:Internal_Log (UnityEngine.LogType,UnityEngine.LogOption,string,UnityEngine.Object)
UnityEngine.DebugLogHandler:LogFormat (UnityEngine.LogType,UnityEngine.Object,string,object[])
UnityEngine.Logger:Log (UnityEngine.LogType,object)
UnityEngine.Debug:Log (object)
WakaTime.Plugin:Initialize () (at ./Library/PackageCache/com.daniel-geo.unityhackatime@5ac210a9a287/Editor/Plugin.cs:76)
WakaTime.Plugin:.cctor () (at ./Library/PackageCache/com.daniel-geo.unityhackatime@5ac210a9a287/Editor/Plugin.cs:41)
System.Runtime.CompilerServices.RuntimeHelpers:RunClassConstructor (System.RuntimeTypeHandle)
UnityEditor.EditorAssemblies:ProcessInitializeOnLoadAttributes (System.Type[])

(Filename: ./Library/PackageCache/com.daniel-geo.unityhackatime@5ac210a9a287/Editor/Plugin.cs Line: 76)

<HackaTime> Sending heartbeat...
UnityEngine.Debug:ExtractStackTraceNoAlloc (byte*,int,string)
UnityEngine.StackTraceUtility:ExtractStackTrace ()
UnityEngine.DebugLogHandler:Internal_Log (UnityEngine.LogType,UnityEngine.LogOption,string,UnityEngine.Object)
UnityEngine.DebugLogHandler:LogFormat (UnityEngine.LogType,UnityEngine.Object,string,object[])
UnityEngine.Logger:Log (UnityEngine.LogType,object)
UnityEngine.Debug:Log (object)
WakaTime.Plugin/<SendHeartbeat>d__29:MoveNext () (at ./Library/PackageCache/com.daniel-geo.unityhackatime@5ac210a9a287/Editor/Plugin.cs:144)
System.Runtime.CompilerServices.AsyncVoidMethodBuilder:Start<WakaTime.Plugin/<SendHeartbeat>d__29> (WakaTime.Plugin/<SendHeartbeat>d__29&)
WakaTime.Plugin:SendHeartbeat (bool)
WakaTime.Plugin:Initialize () (at ./Library/PackageCache/com.daniel-geo.unityhackatime@5ac210a9a287/Editor/Plugin.cs:78)
WakaTime.Plugin:.cctor () (at ./Library/PackageCache/com.daniel-geo.unityhackatime@5ac210a9a287/Editor/Plugin.cs:41)
System.Runtime.CompilerServices.RuntimeHelpers:RunClassConstructor (System.RuntimeTypeHandle)
UnityEditor.EditorAssemblies:ProcessInitializeOnLoadAttributes (System.Type[])

(Filename: ./Library/PackageCache/com.daniel-geo.unityhackatime@5ac210a9a287/Editor/Plugin.cs Line: 144)

Mono: successfully reloaded assembly
- Finished resetting the current domain, in  0.663 seconds
Domain Reload Profiling: 1348ms
	BeginReloadAssembly (218ms)
		ExecutionOrderSort (0ms)
		DisableScriptedObjects (15ms)
		BackupInstance (0ms)
		ReleaseScriptingObjects (0ms)
		CreateAndSetChildDomain (58ms)
	RebuildCommonClasses (34ms)
	RebuildNativeTypeToScriptingClass (12ms)
	initialDomainReloadingComplete (26ms)
	LoadAllAssembliesAndSetupDomain (394ms)
		LoadAssemblies (320ms)
		RebuildTransferFunctionScriptingTraits (0ms)
		AnalyzeDomain (159ms)
			TypeCache.Refresh (6ms)
				TypeCache.ScanAssembly (0ms)
			BuildScriptInfoCaches (141ms)
			ResolveRequiredComponents (8ms)
	FinalizeReload (664ms)
		ReleaseScriptCaches (0ms)
		RebuildScriptCaches (0ms)
		SetupLoadedEditorAssemblies (523ms)
			LogAssemblyErrors (0ms)
			InitializePlatformSupportModulesInManaged (2ms)
			SetLoadedEditorAssemblies (3ms)
			BeforeProcessingInitializeOnLoad (123ms)
			ProcessInitializeOnLoadAttributes (314ms)
			ProcessInitializeOnLoadMethodAttributes (73ms)
			AfterProcessingInitializeOnLoad (6ms)
			EditorAssembliesLoaded (0ms)
		ExecutionOrderSort2 (0ms)
		AwakeInstancesAfterBackupRestoration (18ms)
Refreshing native plugins compatible for Editor in 1.63 ms, found 4 plugins.
Preloading 0 native plugins for Editor in 0.00 ms.
Unloading 16 Unused Serialized files (Serialized files now loaded: 0)
<HackaTime> Got response
{"id":1653537802,"user_id":7870,"branch":"main","category":"coding","dependencies":[],"editor":"","entity":"Unsaved Scene","language":"unity","machine":null,"operating_system":"","project":"magicExplorer","type":"file","user_agent":"unity-hackatime","line_additions":null,"line_deletions":null,"lineno":null,"lines":null,"cursorpos":null,"project_root_count":null,"time":1771753984.0,"is_write":false,"created_at":"2026-02-22T09:53:31.950Z","updated_at":"2026-02-22T09:53:31.951Z","fields_hash":"0e389175502ccb46f78228991ddcc4c7","source_type":"direct_entry","ip_address":"2.34.183.101","ysws_program":"nothing","deleted_at":null,"raw_data":null,"raw_heartbeat_upload_id":199384497}
UnityEngine.Debug:ExtractStackTraceNoAlloc (byte*,int,string)
UnityEngine.StackTraceUtility:ExtractStackTrace ()
UnityEngine.DebugLogHandler:Internal_Log (UnityEngine.LogType,UnityEngine.LogOption,string,UnityEngine.Object)
UnityEngine.DebugLogHandler:LogFormat (UnityEngine.LogType,UnityEngine.Object,string,object[])
UnityEngine.Logger:Log (UnityEngine.LogType,object)
UnityEngine.Debug:Log (object)
WakaTime.Plugin/<SendHeartbeat>d__29:MoveNext () (at ./Library/PackageCache/com.daniel-geo.unityhackatime@5ac210a9a287/Editor/Plugin.cs:187)
System.Runtime.CompilerServices.AsyncMethodBuilderCore/MoveNextRunner:InvokeMoveNext (object)
System.Threading.ExecutionContext:RunInternal (System.Threading.ExecutionContext,System.Threading.ContextCallback,object,bool)
System.Threading.ExecutionContext:Run (System.Threading.ExecutionContext,System.Threading.ContextCallback,object,bool)
System.Runtime.CompilerServices.AsyncMethodBuilderCore/MoveNextRunner:Run ()
System.Threading.Tasks.AwaitTaskContinuation:InvokeAction (object)
System.Threading.Tasks.AwaitTaskContinuation:RunCallback (System.Threading.ContextCallback,object,System.Threading.Tasks.Task&)
System.Threading.Tasks.SynchronizationContextAwaitTaskContinuation:Run (System.Threading.Tasks.Task,bool)
System.Threading.Tasks.Task:FinishContinuations ()
System.Threading.Tasks.Task:FinishStageThree ()
System.Threading.Tasks.Task`1<bool>:TrySetResult (bool)
System.Threading.Tasks.TaskCompletionSource`1<bool>:TrySetResult (bool)
WakaTime.Plugin/<>c__DisplayClass29_0:<SendHeartbeat>b__0 (UnityEngine.AsyncOperation) (at ./Library/PackageCache/com.daniel-geo.unityhackatime@5ac210a9a287/Editor/Plugin.cs:176)
UnityEngine.AsyncOperation:InvokeCompletionEvent ()

(Filename: ./Library/PackageCache/com.daniel-geo.unityhackatime@5ac210a9a287/Editor/Plugin.cs Line: 187)

<HackaTime> Sent heartbeat!
UnityEngine.Debug:ExtractStackTraceNoAlloc (byte*,int,string)
UnityEngine.StackTraceUtility:ExtractStackTrace ()
UnityEngine.DebugLogHandler:Internal_Log (UnityEngine.LogType,UnityEngine.LogOption,string,UnityEngine.Object)
UnityEngine.DebugLogHandler:LogFormat (UnityEngine.LogType,UnityEngine.Object,string,object[])
UnityEngine.Logger:Log (UnityEngine.LogType,object)
UnityEngine.Debug:Log (object)
WakaTime.Plugin/<SendHeartbeat>d__29:MoveNext () (at ./Library/PackageCache/com.daniel-geo.unityhackatime@5ac210a9a287/Editor/Plugin.cs:203)
System.Runtime.CompilerServices.AsyncMethodBuilderCore/MoveNextRunner:InvokeMoveNext (object)
System.Threading.ExecutionContext:RunInternal (System.Threading.ExecutionContext,System.Threading.ContextCallback,object,bool)
System.Threading.ExecutionContext:Run (System.Threading.ExecutionContext,System.Threading.ContextCallback,object,bool)
System.Runtime.CompilerServices.AsyncMethodBuilderCore/MoveNextRunner:Run ()
System.Threading.Tasks.AwaitTaskContinuation:InvokeAction (object)
System.Threading.Tasks.AwaitTaskContinuation:RunCallback (System.Threading.ContextCallback,object,System.Threading.Tasks.Task&)
System.Threading.Tasks.SynchronizationContextAwaitTaskContinuation:Run (System.Threading.Tasks.Task,bool)
System.Threading.Tasks.Task:FinishContinuations ()
System.Threading.Tasks.Task:FinishStageThree ()
System.Threading.Tasks.Task`1<bool>:TrySetResult (bool)
System.Threading.Tasks.TaskCompletionSource`1<bool>:TrySetResult (bool)
WakaTime.Plugin/<>c__DisplayClass29_0:<SendHeartbeat>b__0 (UnityEngine.AsyncOperation) (at ./Library/PackageCache/com.daniel-geo.unityhackatime@5ac210a9a287/Editor/Plugin.cs:176)
UnityEngine.AsyncOperation:InvokeCompletionEvent ()

(Filename: ./Library/PackageCache/com.daniel-geo.unityhackatime@5ac210a9a287/Editor/Plugin.cs Line: 203)

Unloading 6875 unused Assets / (3.8 MB). Loaded Objects now: 7714.
Memory consumption went from 160.6 MB to 156.7 MB.
Total: 9.645100 ms (FindLiveObjects: 0.699600 ms CreateObjectMapping: 0.514700 ms MarkObjects: 5.975900 ms  DeleteObjects: 2.453000 ms)

Prepare: number of updated asset objects reloaded= 0
========================================================================
Received Prepare
Begin MonoManager ReloadAssembly
[Licensing::Client] Successfully resolved entitlement details
- Loaded All Assemblies, in  0.698 seconds
Refreshing native plugins compatible for Editor in 1.44 ms, found 4 plugins.
Native extension for WindowsStandalone target not found
Native extension for WebGL target not found
[Package Manager] Failed to launch server process. Reason: Unity was launched with the -noUpm command-line argument
[Package Manager] Unable to send message (not connected to server process).
[Package Manager] Cannot connect to Unity Package Manager local server
<HackaTime> Initializing...
UnityEngine.Debug:ExtractStackTraceNoAlloc (byte*,int,string)
UnityEngine.StackTraceUtility:ExtractStackTrace ()
UnityEngine.DebugLogHandler:Internal_Log (UnityEngine.LogType,UnityEngine.LogOption,string,UnityEngine.Object)
UnityEngine.DebugLogHandler:LogFormat (UnityEngine.LogType,UnityEngine.Object,string,object[])
UnityEngine.Logger:Log (UnityEngine.LogType,object)
UnityEngine.Debug:Log (object)
WakaTime.Plugin:Initialize () (at ./Library/PackageCache/com.daniel-geo.unityhackatime@5ac210a9a287/Editor/Plugin.cs:76)
WakaTime.Plugin:.cctor () (at ./Library/PackageCache/com.daniel-geo.unityhackatime@5ac210a9a287/Editor/Plugin.cs:41)
System.Runtime.CompilerServices.RuntimeHelpers:RunClassConstructor (System.RuntimeTypeHandle)
UnityEditor.EditorAssemblies:ProcessInitializeOnLoadAttributes (System.Type[])

(Filename: ./Library/PackageCache/com.daniel-geo.unityhackatime@5ac210a9a287/Editor/Plugin.cs Line: 76)

<HackaTime> Sending heartbeat...
UnityEngine.Debug:ExtractStackTraceNoAlloc (byte*,int,string)
UnityEngine.StackTraceUtility:ExtractStackTrace ()
UnityEngine.DebugLogHandler:Internal_Log (UnityEngine.LogType,UnityEngine.LogOption,string,UnityEngine.Object)
UnityEngine.DebugLogHandler:LogFormat (UnityEngine.LogType,UnityEngine.Object,string,object[])
UnityEngine.Logger:Log (UnityEngine.LogType,object)
UnityEngine.Debug:Log (object)
WakaTime.Plugin/<SendHeartbeat>d__29:MoveNext () (at ./Library/PackageCache/com.daniel-geo.unityhackatime@5ac210a9a287/Editor/Plugin.cs:144)
System.Runtime.CompilerServices.AsyncVoidMethodBuilder:Start<WakaTime.Plugin/<SendHeartbeat>d__29> (WakaTime.Plugin/<SendHeartbeat>d__29&)
WakaTime.Plugin:SendHeartbeat (bool)
WakaTime.Plugin:Initialize () (at ./Library/PackageCache/com.daniel-geo.unityhackatime@5ac210a9a287/Editor/Plugin.cs:78)
WakaTime.Plugin:.cctor () (at ./Library/PackageCache/com.daniel-geo.unityhackatime@5ac210a9a287/Editor/Plugin.cs:41)
System.Runtime.CompilerServices.RuntimeHelpers:RunClassConstructor (System.RuntimeTypeHandle)
UnityEditor.EditorAssemblies:ProcessInitializeOnLoadAttributes (System.Type[])

(Filename: ./Library/PackageCache/com.daniel-geo.unityhackatime@5ac210a9a287/Editor/Plugin.cs Line: 144)

Mono: successfully reloaded assembly
- Finished resetting the current domain, in  0.689 seconds
Domain Reload Profiling: 1385ms
	BeginReloadAssembly (205ms)
		ExecutionOrderSort (0ms)
		DisableScriptedObjects (12ms)
		BackupInstance (0ms)
		ReleaseScriptingObjects (0ms)
		CreateAndSetChildDomain (52ms)
	RebuildCommonClasses (33ms)
	RebuildNativeTypeToScriptingClass (12ms)
	initialDomainReloadingComplete (28ms)
	LoadAllAssembliesAndSetupDomain (418ms)
		LoadAssemblies (336ms)
		RebuildTransferFunctionScriptingTraits (0ms)
		AnalyzeDomain (166ms)
			TypeCache.Refresh (7ms)
				TypeCache.ScanAssembly (0ms)
			BuildScriptInfoCaches (146ms)
			ResolveRequiredComponents (8ms)
	FinalizeReload (689ms)
		ReleaseScriptCaches (0ms)
		RebuildScriptCaches (0ms)
		SetupLoadedEditorAssemblies (548ms)
			LogAssemblyErrors (0ms)
			InitializePlatformSupportModulesInManaged (2ms)
			SetLoadedEditorAssemblies (8ms)
			BeforeProcessingInitializeOnLoad (132ms)
			ProcessInitializeOnLoadAttributes (324ms)
			ProcessInitializeOnLoadMethodAttributes (73ms)
			AfterProcessingInitializeOnLoad (10ms)
			EditorAssembliesLoaded (0ms)
		ExecutionOrderSort2 (0ms)
		AwakeInstancesAfterBackupRestoration (14ms)
Refreshing native plugins compatible for Editor in 1.29 ms, found 4 plugins.
Preloading 0 native plugins for Editor in 0.00 ms.
Unloading 16 Unused Serialized files (Serialized files now loaded: 0)
<HackaTime> Got response
{"id":1653543678,"user_id":7870,"branch":"main","category":"coding","dependencies":[],"editor":"","entity":"Unsaved Scene","language":"unity","machine":null,"operating_system":"","project":"magicExplorer","type":"file","user_agent":"unity-hackatime","line_additions":null,"line_deletions":null,"lineno":null,"lines":null,"cursorpos":null,"project_root_count":null,"time":1771754240.0,"is_write":false,"created_at":"2026-02-22T09:58:09.140Z","updated_at":"2026-02-22T09:58:09.141Z","fields_hash":"ab04b940eb4bc69794021071fbc81638","source_type":"direct_entry","ip_address":"2.34.183.101","ysws_program":"nothing","deleted_at":null,"raw_data":null,"raw_heartbeat_upload_id":199387378}
UnityEngine.Debug:ExtractStackTraceNoAlloc (byte*,int,string)
UnityEngine.StackTraceUtility:ExtractStackTrace ()
UnityEngine.DebugLogHandler:Internal_Log (UnityEngine.LogType,UnityEngine.LogOption,string,UnityEngine.Object)
UnityEngine.DebugLogHandler:LogFormat (UnityEngine.LogType,UnityEngine.Object,string,object[])
UnityEngine.Logger:Log (UnityEngine.LogType,object)
UnityEngine.Debug:Log (object)
WakaTime.Plugin/<SendHeartbeat>d__29:MoveNext () (at ./Library/PackageCache/com.daniel-geo.unityhackatime@5ac210a9a287/Editor/Plugin.cs:187)
System.Runtime.CompilerServices.AsyncMethodBuilderCore/MoveNextRunner:InvokeMoveNext (object)
System.Threading.ExecutionContext:RunInternal (System.Threading.ExecutionContext,System.Threading.ContextCallback,object,bool)
System.Threading.ExecutionContext:Run (System.Threading.ExecutionContext,System.Threading.ContextCallback,object,bool)
System.Runtime.CompilerServices.AsyncMethodBuilderCore/MoveNextRunner:Run ()
System.Threading.Tasks.AwaitTaskContinuation:InvokeAction (object)
System.Threading.Tasks.AwaitTaskContinuation:RunCallback (System.Threading.ContextCallback,object,System.Threading.Tasks.Task&)
System.Threading.Tasks.SynchronizationContextAwaitTaskContinuation:Run (System.Threading.Tasks.Task,bool)
System.Threading.Tasks.Task:FinishContinuations ()
System.Threading.Tasks.Task:FinishStageThree ()
System.Threading.Tasks.Task`1<bool>:TrySetResult (bool)
System.Threading.Tasks.TaskCompletionSource`1<bool>:TrySetResult (bool)
WakaTime.Plugin/<>c__DisplayClass29_0:<SendHeartbeat>b__0 (UnityEngine.AsyncOperation) (at ./Library/PackageCache/com.daniel-geo.unityhackatime@5ac210a9a287/Editor/Plugin.cs:176)
UnityEngine.AsyncOperation:InvokeCompletionEvent ()

(Filename: ./Library/PackageCache/com.daniel-geo.unityhackatime@5ac210a9a287/Editor/Plugin.cs Line: 187)

<HackaTime> Sent heartbeat!
UnityEngine.Debug:ExtractStackTraceNoAlloc (byte*,int,string)
UnityEngine.StackTraceUtility:ExtractStackTrace ()
UnityEngine.DebugLogHandler:Internal_Log (UnityEngine.LogType,UnityEngine.LogOption,string,UnityEngine.Object)
UnityEngine.DebugLogHandler:LogFormat (UnityEngine.LogType,UnityEngine.Object,string,object[])
UnityEngine.Logger:Log (UnityEngine.LogType,object)
UnityEngine.Debug:Log (object)
WakaTime.Plugin/<SendHeartbeat>d__29:MoveNext () (at ./Library/PackageCache/com.daniel-geo.unityhackatime@5ac210a9a287/Editor/Plugin.cs:203)
System.Runtime.CompilerServices.AsyncMethodBuilderCore/MoveNextRunner:InvokeMoveNext (object)
System.Threading.ExecutionContext:RunInternal (System.Threading.ExecutionContext,System.Threading.ContextCallback,object,bool)
System.Threading.ExecutionContext:Run (System.Threading.ExecutionContext,System.Threading.ContextCallback,object,bool)
System.Runtime.CompilerServices.AsyncMethodBuilderCore/MoveNextRunner:Run ()
System.Threading.Tasks.AwaitTaskContinuation:InvokeAction (object)
System.Threading.Tasks.AwaitTaskContinuation:RunCallback (System.Threading.ContextCallback,object,System.Threading.Tasks.Task&)
System.Threading.Tasks.SynchronizationContextAwaitTaskContinuation:Run (System.Threading.Tasks.Task,bool)
System.Threading.Tasks.Task:FinishContinuations ()
System.Threading.Tasks.Task:FinishStageThree ()
System.Threading.Tasks.Task`1<bool>:TrySetResult (bool)
System.Threading.Tasks.TaskCompletionSource`1<bool>:TrySetResult (bool)
WakaTime.Plugin/<>c__DisplayClass29_0:<SendHeartbeat>b__0 (UnityEngine.AsyncOperation) (at ./Library/PackageCache/com.daniel-geo.unityhackatime@5ac210a9a287/Editor/Plugin.cs:176)
UnityEngine.AsyncOperation:InvokeCompletionEvent ()

(Filename: ./Library/PackageCache/com.daniel-geo.unityhackatime@5ac210a9a287/Editor/Plugin.cs Line: 203)

Unloading 6875 unused Assets / (3.8 MB). Loaded Objects now: 7717.
Memory consumption went from 160.6 MB to 156.8 MB.
Total: 8.275200 ms (FindLiveObjects: 0.466400 ms CreateObjectMapping: 0.315400 ms MarkObjects: 5.272100 ms  DeleteObjects: 2.219300 ms)

Prepare: number of updated asset objects reloaded= 0
========================================================================
Received Prepare
Begin MonoManager ReloadAssembly
- Loaded All Assemblies, in  0.737 seconds
Refreshing native plugins compatible for Editor in 1.47 ms, found 4 plugins.
Native extension for WindowsStandalone target not found
Native extension for WebGL target not found
[Package Manager] Failed to launch server process. Reason: Unity was launched with the -noUpm command-line argument
[Package Manager] Unable to send message (not connected to server process).
[Package Manager] Cannot connect to Unity Package Manager local server
<HackaTime> Initializing...
UnityEngine.Debug:ExtractStackTraceNoAlloc (byte*,int,string)
UnityEngine.StackTraceUtility:ExtractStackTrace ()
UnityEngine.DebugLogHandler:Internal_Log (UnityEngine.LogType,UnityEngine.LogOption,string,UnityEngine.Object)
UnityEngine.DebugLogHandler:LogFormat (UnityEngine.LogType,UnityEngine.Object,string,object[])
UnityEngine.Logger:Log (UnityEngine.LogType,object)
UnityEngine.Debug:Log (object)
WakaTime.Plugin:Initialize () (at ./Library/PackageCache/com.daniel-geo.unityhackatime@5ac210a9a287/Editor/Plugin.cs:76)
WakaTime.Plugin:.cctor () (at ./Library/PackageCache/com.daniel-geo.unityhackatime@5ac210a9a287/Editor/Plugin.cs:41)
System.Runtime.CompilerServices.RuntimeHelpers:RunClassConstructor (System.RuntimeTypeHandle)
UnityEditor.EditorAssemblies:ProcessInitializeOnLoadAttributes (System.Type[])

(Filename: ./Library/PackageCache/com.daniel-geo.unityhackatime@5ac210a9a287/Editor/Plugin.cs Line: 76)

<HackaTime> Sending heartbeat...
UnityEngine.Debug:ExtractStackTraceNoAlloc (byte*,int,string)
UnityEngine.StackTraceUtility:ExtractStackTrace ()
UnityEngine.DebugLogHandler:Internal_Log (UnityEngine.LogType,UnityEngine.LogOption,string,UnityEngine.Object)
UnityEngine.DebugLogHandler:LogFormat (UnityEngine.LogType,UnityEngine.Object,string,object[])
UnityEngine.Logger:Log (UnityEngine.LogType,object)
UnityEngine.Debug:Log (object)
WakaTime.Plugin/<SendHeartbeat>d__29:MoveNext () (at ./Library/PackageCache/com.daniel-geo.unityhackatime@5ac210a9a287/Editor/Plugin.cs:144)
System.Runtime.CompilerServices.AsyncVoidMethodBuilder:Start<WakaTime.Plugin/<SendHeartbeat>d__29> (WakaTime.Plugin/<SendHeartbeat>d__29&)
WakaTime.Plugin:SendHeartbeat (bool)
WakaTime.Plugin:Initialize () (at ./Library/PackageCache/com.daniel-geo.unityhackatime@5ac210a9a287/Editor/Plugin.cs:78)
WakaTime.Plugin:.cctor () (at ./Library/PackageCache/com.daniel-geo.unityhackatime@5ac210a9a287/Editor/Plugin.cs:41)
System.Runtime.CompilerServices.RuntimeHelpers:RunClassConstructor (System.RuntimeTypeHandle)
UnityEditor.EditorAssemblies:ProcessInitializeOnLoadAttributes (System.Type[])

(Filename: ./Library/PackageCache/com.daniel-geo.unityhackatime@5ac210a9a287/Editor/Plugin.cs Line: 144)

Mono: successfully reloaded assembly
- Finished resetting the current domain, in  0.979 seconds
Domain Reload Profiling: 1715ms
	BeginReloadAssembly (195ms)
		ExecutionOrderSort (0ms)
		DisableScriptedObjects (12ms)
		BackupInstance (0ms)
		ReleaseScriptingObjects (0ms)
		CreateAndSetChildDomain (47ms)
	RebuildCommonClasses (38ms)
	RebuildNativeTypeToScriptingClass (12ms)
	initialDomainReloadingComplete (27ms)
	LoadAllAssembliesAndSetupDomain (463ms)
		LoadAssemblies (348ms)
		RebuildTransferFunctionScriptingTraits (0ms)
		AnalyzeDomain (196ms)
			TypeCache.Refresh (7ms)
				TypeCache.ScanAssembly (0ms)
			BuildScriptInfoCaches (174ms)
			ResolveRequiredComponents (10ms)
	FinalizeReload (980ms)
		ReleaseScriptCaches (0ms)
		RebuildScriptCaches (0ms)
		SetupLoadedEditorAssemblies (816ms)
			LogAssemblyErrors (0ms)
			InitializePlatformSupportModulesInManaged (2ms)
			SetLoadedEditorAssemblies (3ms)
			BeforeProcessingInitializeOnLoad (162ms)
			ProcessInitializeOnLoadAttributes (506ms)
			ProcessInitializeOnLoadMethodAttributes (132ms)
			AfterProcessingInitializeOnLoad (10ms)
			EditorAssembliesLoaded (0ms)
		ExecutionOrderSort2 (0ms)
		AwakeInstancesAfterBackupRestoration (19ms)
Refreshing native plugins compatible for Editor in 1.68 ms, found 4 plugins.
Preloading 0 native plugins for Editor in 0.00 ms.
Unloading 16 Unused Serialized files (Serialized files now loaded: 0)
<HackaTime> Got response
{"id":1653544499,"user_id":7870,"branch":"main","category":"coding","dependencies":[],"editor":"","entity":"Unsaved Scene","language":"unity","machine":null,"operating_system":"","project":"magicExplorer","type":"file","user_agent":"unity-hackatime","line_additions":null,"line_deletions":null,"lineno":null,"lines":null,"cursorpos":null,"project_root_count":null,"time":1771754368.0,"is_write":false,"created_at":"2026-02-22T09:58:46.368Z","updated_at":"2026-02-22T09:58:46.369Z","fields_hash":"65921b8b0342112e5aed990c757fef17","source_type":"direct_entry","ip_address":"2.34.183.101","ysws_program":"nothing","deleted_at":null,"raw_data":null,"raw_heartbeat_upload_id":199387712}
UnityEngine.Debug:ExtractStackTraceNoAlloc (byte*,int,string)
UnityEngine.StackTraceUtility:ExtractStackTrace ()
UnityEngine.DebugLogHandler:Internal_Log (UnityEngine.LogType,UnityEngine.LogOption,string,UnityEngine.Object)
UnityEngine.DebugLogHandler:LogFormat (UnityEngine.LogType,UnityEngine.Object,string,object[])
UnityEngine.Logger:Log (UnityEngine.LogType,object)
UnityEngine.Debug:Log (object)
WakaTime.Plugin/<SendHeartbeat>d__29:MoveNext () (at ./Library/PackageCache/com.daniel-geo.unityhackatime@5ac210a9a287/Editor/Plugin.cs:187)
System.Runtime.CompilerServices.AsyncMethodBuilderCore/MoveNextRunner:InvokeMoveNext (object)
System.Threading.ExecutionContext:RunInternal (System.Threading.ExecutionContext,System.Threading.ContextCallback,object,bool)
System.Threading.ExecutionContext:Run (System.Threading.ExecutionContext,System.Threading.ContextCallback,object,bool)
System.Runtime.CompilerServices.AsyncMethodBuilderCore/MoveNextRunner:Run ()
System.Threading.Tasks.AwaitTaskContinuation:InvokeAction (object)
System.Threading.Tasks.AwaitTaskContinuation:RunCallback (System.Threading.ContextCallback,object,System.Threading.Tasks.Task&)
System.Threading.Tasks.SynchronizationContextAwaitTaskContinuation:Run (System.Threading.Tasks.Task,bool)
System.Threading.Tasks.Task:FinishContinuations ()
System.Threading.Tasks.Task:FinishStageThree ()
System.Threading.Tasks.Task`1<bool>:TrySetResult (bool)
System.Threading.Tasks.TaskCompletionSource`1<bool>:TrySetResult (bool)
WakaTime.Plugin/<>c__DisplayClass29_0:<SendHeartbeat>b__0 (UnityEngine.AsyncOperation) (at ./Library/PackageCache/com.daniel-geo.unityhackatime@5ac210a9a287/Editor/Plugin.cs:176)
UnityEngine.AsyncOperation:InvokeCompletionEvent ()

(Filename: ./Library/PackageCache/com.daniel-geo.unityhackatime@5ac210a9a287/Editor/Plugin.cs Line: 187)

<HackaTime> Sent heartbeat!
UnityEngine.Debug:ExtractStackTraceNoAlloc (byte*,int,string)
UnityEngine.StackTraceUtility:ExtractStackTrace ()
UnityEngine.DebugLogHandler:Internal_Log (UnityEngine.LogType,UnityEngine.LogOption,string,UnityEngine.Object)
UnityEngine.DebugLogHandler:LogFormat (UnityEngine.LogType,UnityEngine.Object,string,object[])
UnityEngine.Logger:Log (UnityEngine.LogType,object)
UnityEngine.Debug:Log (object)
WakaTime.Plugin/<SendHeartbeat>d__29:MoveNext () (at ./Library/PackageCache/com.daniel-geo.unityhackatime@5ac210a9a287/Editor/Plugin.cs:203)
System.Runtime.CompilerServices.AsyncMethodBuilderCore/MoveNextRunner:InvokeMoveNext (object)
System.Threading.ExecutionContext:RunInternal (System.Threading.ExecutionContext,System.Threading.ContextCallback,object,bool)
System.Threading.ExecutionContext:Run (System.Threading.ExecutionContext,System.Threading.ContextCallback,object,bool)
System.Runtime.CompilerServices.AsyncMethodBuilderCore/MoveNextRunner:Run ()
System.Threading.Tasks.AwaitTaskContinuation:InvokeAction (object)
System.Threading.Tasks.AwaitTaskContinuation:RunCallback (System.Threading.ContextCallback,object,System.Threading.Tasks.Task&)
System.Threading.Tasks.SynchronizationContextAwaitTaskContinuation:Run (System.Threading.Tasks.Task,bool)
System.Threading.Tasks.Task:FinishContinuations ()
System.Threading.Tasks.Task:FinishStageThree ()
System.Threading.Tasks.Task`1<bool>:TrySetResult (bool)
System.Threading.Tasks.TaskCompletionSource`1<bool>:TrySetResult (bool)
WakaTime.Plugin/<>c__DisplayClass29_0:<SendHeartbeat>b__0 (UnityEngine.AsyncOperation) (at ./Library/PackageCache/com.daniel-geo.unityhackatime@5ac210a9a287/Editor/Plugin.cs:176)
UnityEngine.AsyncOperation:InvokeCompletionEvent ()

(Filename: ./Library/PackageCache/com.daniel-geo.unityhackatime@5ac210a9a287/Editor/Plugin.cs Line: 203)

Unloading 6875 unused Assets / (4.3 MB). Loaded Objects now: 7720.
Memory consumption went from 160.7 MB to 156.4 MB.
Total: 10.121400 ms (FindLiveObjects: 0.658500 ms CreateObjectMapping: 0.520500 ms MarkObjects: 6.092000 ms  DeleteObjects: 2.848100 ms)

Prepare: number of updated asset objects reloaded= 0
========================================================================
Received Import Request.
  Time since last request: 505000.182712 seconds.
  path: Assets/Images/player/playerTable_0.controller
  artifactKey: Guid(d4e618cbf9bfedd4b9aae89771a5e59f) Importer(2089858483,b0f066a214c2f5e87bad3c948f4d605d)
Start importing Assets/Images/player/playerTable_0.controller using Guid(d4e618cbf9bfedd4b9aae89771a5e59f) Importer(2089858483,b0f066a214c2f5e87bad3c948f4d605d) (ScriptedImporter) -> (artifact id: '1d75dbb6f3afed2445bfcd01a7556de6') in 0.0756378 seconds
Number of updated asset objects reloaded before import = 0Number of asset objects unloaded after import = 1

========================================================================
Received Import Request.
  Time since last request: 77.893298 seconds.
  path: Assets/Images/player/playerTable_4.controller
  artifactKey: Guid(5e70e3d011e2c414c90905a702a27a96) Importer(2089858483,b0f066a214c2f5e87bad3c948f4d605d)
Start importing Assets/Images/player/playerTable_4.controller using Guid(5e70e3d011e2c414c90905a702a27a96) Importer(2089858483,b0f066a214c2f5e87bad3c948f4d605d) (ScriptedImporter) -> (artifact id: 'c080548e589c8de049660ab85aad9067') in 0.0055102 seconds
Number of updated asset objects reloaded before import = 0Number of asset objects unloaded after import = 1

========================================================================
Received Import Request.
  Time since last request: 22.706201 seconds.
  path: Assets/Images/player/playerTable_0 1.controller
  artifactKey: Guid(8d38a0a184d2d2c4fab8d8c058b99660) Importer(2089858483,b0f066a214c2f5e87bad3c948f4d605d)
Start importing Assets/Images/player/playerTable_0 1.controller using Guid(8d38a0a184d2d2c4fab8d8c058b99660) Importer(2089858483,b0f066a214c2f5e87bad3c948f4d605d) (ScriptedImporter) -> (artifact id: 'cc8f042fab88bba5ad72f0b11fc6dced') in 0.0061494 seconds
Number of updated asset objects reloaded before import = 0Number of asset objects unloaded after import = 1

========================================================================
Received Import Request.
  Time since last request: 20.441448 seconds.
  path: Assets/Images/player/playerTable_8.controller
  artifactKey: Guid(edf1ebbd427cd714aa410d80fe6235fe) Importer(2089858483,b0f066a214c2f5e87bad3c948f4d605d)
Start importing Assets/Images/player/playerTable_8.controller using Guid(edf1ebbd427cd714aa410d80fe6235fe) Importer(2089858483,b0f066a214c2f5e87bad3c948f4d605d) (ScriptedImporter) -> (artifact id: 'a39ba02b912521217227756e7a54a801') in 0.0053377 seconds
Number of updated asset objects reloaded before import = 0Number of asset objects unloaded after import = 1

========================================================================
Received Import Request.
  Time since last request: 457.986321 seconds.
  path: Assets/Images/player/PlayerAnimations/BackWalkPlayer.anim
  artifactKey: Guid(6ca9c3c5121709147866271c496fee34) Importer(2089858483,b0f066a214c2f5e87bad3c948f4d605d)
Start importing Assets/Images/player/PlayerAnimations/BackWalkPlayer.anim using Guid(6ca9c3c5121709147866271c496fee34) Importer(2089858483,b0f066a214c2f5e87bad3c948f4d605d) (ScriptedImporter) -> (artifact id: 'f1d0723f0a55486d61d73a548a309e75') in 0.0304883 seconds
Number of updated asset objects reloaded before import = 0Number of asset objects unloaded after import = 1

========================================================================
Received Prepare
Begin MonoManager ReloadAssembly
[Licensing::Client] Successfully resolved entitlement details
- Loaded All Assemblies, in  0.857 seconds
Refreshing native plugins compatible for Editor in 1.24 ms, found 4 plugins.
Native extension for WindowsStandalone target not found
Native extension for WebGL target not found
[Package Manager] Failed to launch server process. Reason: Unity was launched with the -noUpm command-line argument
[Package Manager] Unable to send message (not connected to server process).
[Package Manager] Cannot connect to Unity Package Manager local server
<HackaTime> Initializing...
UnityEngine.Debug:ExtractStackTraceNoAlloc (byte*,int,string)
UnityEngine.StackTraceUtility:ExtractStackTrace ()
UnityEngine.DebugLogHandler:Internal_Log (UnityEngine.LogType,UnityEngine.LogOption,string,UnityEngine.Object)
UnityEngine.DebugLogHandler:LogFormat (UnityEngine.LogType,UnityEngine.Object,string,object[])
UnityEngine.Logger:Log (UnityEngine.LogType,object)
UnityEngine.Debug:Log (object)
WakaTime.Plugin:Initialize () (at ./Library/PackageCache/com.daniel-geo.unityhackatime@5ac210a9a287/Editor/Plugin.cs:76)
WakaTime.Plugin:.cctor () (at ./Library/PackageCache/com.daniel-geo.unityhackatime@5ac210a9a287/Editor/Plugin.cs:41)
System.Runtime.CompilerServices.RuntimeHelpers:RunClassConstructor (System.RuntimeTypeHandle)
UnityEditor.EditorAssemblies:ProcessInitializeOnLoadAttributes (System.Type[])

(Filename: ./Library/PackageCache/com.daniel-geo.unityhackatime@5ac210a9a287/Editor/Plugin.cs Line: 76)

<HackaTime> Sending heartbeat...
UnityEngine.Debug:ExtractStackTraceNoAlloc (byte*,int,string)
UnityEngine.StackTraceUtility:ExtractStackTrace ()
UnityEngine.DebugLogHandler:Internal_Log (UnityEngine.LogType,UnityEngine.LogOption,string,UnityEngine.Object)
UnityEngine.DebugLogHandler:LogFormat (UnityEngine.LogType,UnityEngine.Object,string,object[])
UnityEngine.Logger:Log (UnityEngine.LogType,object)
UnityEngine.Debug:Log (object)
WakaTime.Plugin/<SendHeartbeat>d__29:MoveNext () (at ./Library/PackageCache/com.daniel-geo.unityhackatime@5ac210a9a287/Editor/Plugin.cs:144)
System.Runtime.CompilerServices.AsyncVoidMethodBuilder:Start<WakaTime.Plugin/<SendHeartbeat>d__29> (WakaTime.Plugin/<SendHeartbeat>d__29&)
WakaTime.Plugin:SendHeartbeat (bool)
WakaTime.Plugin:Initialize () (at ./Library/PackageCache/com.daniel-geo.unityhackatime@5ac210a9a287/Editor/Plugin.cs:78)
WakaTime.Plugin:.cctor () (at ./Library/PackageCache/com.daniel-geo.unityhackatime@5ac210a9a287/Editor/Plugin.cs:41)
System.Runtime.CompilerServices.RuntimeHelpers:RunClassConstructor (System.RuntimeTypeHandle)
UnityEditor.EditorAssemblies:ProcessInitializeOnLoadAttributes (System.Type[])

(Filename: ./Library/PackageCache/com.daniel-geo.unityhackatime@5ac210a9a287/Editor/Plugin.cs Line: 144)

Mono: successfully reloaded assembly
- Finished resetting the current domain, in  0.782 seconds
Domain Reload Profiling: 1640ms
	BeginReloadAssembly (288ms)
		ExecutionOrderSort (0ms)
		DisableScriptedObjects (19ms)
		BackupInstance (0ms)
		ReleaseScriptingObjects (0ms)
		CreateAndSetChildDomain (81ms)
	RebuildCommonClasses (36ms)
	RebuildNativeTypeToScriptingClass (12ms)
	initialDomainReloadingComplete (29ms)
	LoadAllAssembliesAndSetupDomain (492ms)
		LoadAssemblies (398ms)
		RebuildTransferFunctionScriptingTraits (0ms)
		AnalyzeDomain (211ms)
			TypeCache.Refresh (10ms)
				TypeCache.ScanAssembly (0ms)
			BuildScriptInfoCaches (176ms)
			ResolveRequiredComponents (11ms)
	FinalizeReload (783ms)
		ReleaseScriptCaches (0ms)
		RebuildScriptCaches (0ms)
		SetupLoadedEditorAssemblies (629ms)
			LogAssemblyErrors (0ms)
			InitializePlatformSupportModulesInManaged (2ms)
			SetLoadedEditorAssemblies (3ms)
			BeforeProcessingInitializeOnLoad (170ms)
			ProcessInitializeOnLoadAttributes (369ms)
			ProcessInitializeOnLoadMethodAttributes (77ms)
			AfterProcessingInitializeOnLoad (7ms)
			EditorAssembliesLoaded (0ms)
		ExecutionOrderSort2 (0ms)
		AwakeInstancesAfterBackupRestoration (15ms)
Refreshing native plugins compatible for Editor in 1.37 ms, found 4 plugins.
Preloading 0 native plugins for Editor in 0.00 ms.
Unloading 16 Unused Serialized files (Serialized files now loaded: 0)
Unloading 6875 unused Assets / (4.1 MB). Loaded Objects now: 7725.
Memory consumption went from 161.5 MB to 157.4 MB.
Total: 8.214200 ms (FindLiveObjects: 0.615700 ms CreateObjectMapping: 0.388500 ms MarkObjects: 5.025900 ms  DeleteObjects: 2.182400 ms)

Prepare: number of updated asset objects reloaded= 0
========================================================================
Received Prepare
Refreshing native plugins compatible for Editor in 1.22 ms, found 4 plugins.
Preloading 0 native plugins for Editor in 0.00 ms.
Unloading 16 Unused Serialized files (Serialized files now loaded: 0)
<HackaTime> Got response
{"id":1653571689,"user_id":7870,"branch":"main","category":"coding","dependencies":[],"editor":"","entity":"Unsaved Scene","language":"unity","machine":null,"operating_system":"","project":"magicExplorer","type":"file","user_agent":"unity-hackatime","line_additions":null,"line_deletions":null,"lineno":null,"lines":null,"cursorpos":null,"project_root_count":null,"time":1771756288.0,"is_write":false,"created_at":"2026-02-22T10:30:54.140Z","updated_at":"2026-02-22T10:30:54.142Z","fields_hash":"02992f31c94535a8b006eb5fc55a9cf8","source_type":"direct_entry","ip_address":"2.34.183.101","ysws_program":"nothing","deleted_at":null,"raw_data":null,"raw_heartbeat_upload_id":199407288}
UnityEngine.Debug:ExtractStackTraceNoAlloc (byte*,int,string)
UnityEngine.StackTraceUtility:ExtractStackTrace ()
UnityEngine.DebugLogHandler:Internal_Log (UnityEngine.LogType,UnityEngine.LogOption,string,UnityEngine.Object)
UnityEngine.DebugLogHandler:LogFormat (UnityEngine.LogType,UnityEngine.Object,string,object[])
UnityEngine.Logger:Log (UnityEngine.LogType,object)
UnityEngine.Debug:Log (object)
WakaTime.Plugin/<SendHeartbeat>d__29:MoveNext () (at ./Library/PackageCache/com.daniel-geo.unityhackatime@5ac210a9a287/Editor/Plugin.cs:187)
System.Runtime.CompilerServices.AsyncMethodBuilderCore/MoveNextRunner:InvokeMoveNext (object)
System.Threading.ExecutionContext:RunInternal (System.Threading.ExecutionContext,System.Threading.ContextCallback,object,bool)
System.Threading.ExecutionContext:Run (System.Threading.ExecutionContext,System.Threading.ContextCallback,object,bool)
System.Runtime.CompilerServices.AsyncMethodBuilderCore/MoveNextRunner:Run ()
System.Threading.Tasks.AwaitTaskContinuation:InvokeAction (object)
System.Threading.Tasks.AwaitTaskContinuation:RunCallback (System.Threading.ContextCallback,object,System.Threading.Tasks.Task&)
System.Threading.Tasks.SynchronizationContextAwaitTaskContinuation:Run (System.Threading.Tasks.Task,bool)
System.Threading.Tasks.Task:FinishContinuations ()
System.Threading.Tasks.Task:FinishStageThree ()
System.Threading.Tasks.Task`1<bool>:TrySetResult (bool)
System.Threading.Tasks.TaskCompletionSource`1<bool>:TrySetResult (bool)
WakaTime.Plugin/<>c__DisplayClass29_0:<SendHeartbeat>b__0 (UnityEngine.AsyncOperation) (at ./Library/PackageCache/com.daniel-geo.unityhackatime@5ac210a9a287/Editor/Plugin.cs:176)
UnityEngine.AsyncOperation:InvokeCompletionEvent ()

(Filename: ./Library/PackageCache/com.daniel-geo.unityhackatime@5ac210a9a287/Editor/Plugin.cs Line: 187)

<HackaTime> Sent heartbeat!
UnityEngine.Debug:ExtractStackTraceNoAlloc (byte*,int,string)
UnityEngine.StackTraceUtility:ExtractStackTrace ()
UnityEngine.DebugLogHandler:Internal_Log (UnityEngine.LogType,UnityEngine.LogOption,string,UnityEngine.Object)
UnityEngine.DebugLogHandler:LogFormat (UnityEngine.LogType,UnityEngine.Object,string,object[])
UnityEngine.Logger:Log (UnityEngine.LogType,object)
UnityEngine.Debug:Log (object)
WakaTime.Plugin/<SendHeartbeat>d__29:MoveNext () (at ./Library/PackageCache/com.daniel-geo.unityhackatime@5ac210a9a287/Editor/Plugin.cs:203)
System.Runtime.CompilerServices.AsyncMethodBuilderCore/MoveNextRunner:InvokeMoveNext (object)
System.Threading.ExecutionContext:RunInternal (System.Threading.ExecutionContext,System.Threading.ContextCallback,object,bool)
System.Threading.ExecutionContext:Run (System.Threading.ExecutionContext,System.Threading.ContextCallback,object,bool)
System.Runtime.CompilerServices.AsyncMethodBuilderCore/MoveNextRunner:Run ()
System.Threading.Tasks.AwaitTaskContinuation:InvokeAction (object)
System.Threading.Tasks.AwaitTaskContinuation:RunCallback (System.Threading.ContextCallback,object,System.Threading.Tasks.Task&)
System.Threading.Tasks.SynchronizationContextAwaitTaskContinuation:Run (System.Threading.Tasks.Task,bool)
System.Threading.Tasks.Task:FinishContinuations ()
System.Threading.Tasks.Task:FinishStageThree ()
System.Threading.Tasks.Task`1<bool>:TrySetResult (bool)
System.Threading.Tasks.TaskCompletionSource`1<bool>:TrySetResult (bool)
WakaTime.Plugin/<>c__DisplayClass29_0:<SendHeartbeat>b__0 (UnityEngine.AsyncOperation) (at ./Library/PackageCache/com.daniel-geo.unityhackatime@5ac210a9a287/Editor/Plugin.cs:176)
UnityEngine.AsyncOperation:InvokeCompletionEvent ()

(Filename: ./Library/PackageCache/com.daniel-geo.unityhackatime@5ac210a9a287/Editor/Plugin.cs Line: 203)

Unloading 6866 unused Assets / (4.3 MB). Loaded Objects now: 7726.
Memory consumption went from 161.7 MB to 157.4 MB.
Total: 8.843000 ms (FindLiveObjects: 0.754500 ms CreateObjectMapping: 0.380400 ms MarkObjects: 5.552100 ms  DeleteObjects: 2.154800 ms)

Prepare: number of updated asset objects reloaded= 0
========================================================================
Received Prepare
Begin MonoManager ReloadAssembly
- Loaded All Assemblies, in  2.017 seconds
Refreshing native plugins compatible for Editor in 4.10 ms, found 4 plugins.
Native extension for WindowsStandalone target not found
Native extension for WebGL target not found
[Package Manager] Failed to launch server process. Reason: Unity was launched with the -noUpm command-line argument
[Package Manager] Unable to send message (not connected to server process).
[Package Manager] Cannot connect to Unity Package Manager local server
<HackaTime> Initializing...
UnityEngine.Debug:ExtractStackTraceNoAlloc (byte*,int,string)
UnityEngine.StackTraceUtility:ExtractStackTrace ()
UnityEngine.DebugLogHandler:Internal_Log (UnityEngine.LogType,UnityEngine.LogOption,string,UnityEngine.Object)
UnityEngine.DebugLogHandler:LogFormat (UnityEngine.LogType,UnityEngine.Object,string,object[])
UnityEngine.Logger:Log (UnityEngine.LogType,object)
UnityEngine.Debug:Log (object)
WakaTime.Plugin:Initialize () (at ./Library/PackageCache/com.daniel-geo.unityhackatime@5ac210a9a287/Editor/Plugin.cs:76)
WakaTime.Plugin:.cctor () (at ./Library/PackageCache/com.daniel-geo.unityhackatime@5ac210a9a287/Editor/Plugin.cs:41)
System.Runtime.CompilerServices.RuntimeHelpers:RunClassConstructor (System.RuntimeTypeHandle)
UnityEditor.EditorAssemblies:ProcessInitializeOnLoadAttributes (System.Type[])

(Filename: ./Library/PackageCache/com.daniel-geo.unityhackatime@5ac210a9a287/Editor/Plugin.cs Line: 76)

<HackaTime> Sending heartbeat...
UnityEngine.Debug:ExtractStackTraceNoAlloc (byte*,int,string)
UnityEngine.StackTraceUtility:ExtractStackTrace ()
UnityEngine.DebugLogHandler:Internal_Log (UnityEngine.LogType,UnityEngine.LogOption,string,UnityEngine.Object)
UnityEngine.DebugLogHandler:LogFormat (UnityEngine.LogType,UnityEngine.Object,string,object[])
UnityEngine.Logger:Log (UnityEngine.LogType,object)
UnityEngine.Debug:Log (object)
WakaTime.Plugin/<SendHeartbeat>d__29:MoveNext () (at ./Library/PackageCache/com.daniel-geo.unityhackatime@5ac210a9a287/Editor/Plugin.cs:144)
System.Runtime.CompilerServices.AsyncVoidMethodBuilder:Start<WakaTime.Plugin/<SendHeartbeat>d__29> (WakaTime.Plugin/<SendHeartbeat>d__29&)
WakaTime.Plugin:SendHeartbeat (bool)
WakaTime.Plugin:Initialize () (at ./Library/PackageCache/com.daniel-geo.unityhackatime@5ac210a9a287/Editor/Plugin.cs:78)
WakaTime.Plugin:.cctor () (at ./Library/PackageCache/com.daniel-geo.unityhackatime@5ac210a9a287/Editor/Plugin.cs:41)
System.Runtime.CompilerServices.RuntimeHelpers:RunClassConstructor (System.RuntimeTypeHandle)
UnityEditor.EditorAssemblies:ProcessInitializeOnLoadAttributes (System.Type[])

(Filename: ./Library/PackageCache/com.daniel-geo.unityhackatime@5ac210a9a287/Editor/Plugin.cs Line: 144)

Mono: successfully reloaded assembly
- Finished resetting the current domain, in  1.893 seconds
Domain Reload Profiling: 3886ms
	BeginReloadAssembly (549ms)
		ExecutionOrderSort (0ms)
		DisableScriptedObjects (34ms)
		BackupInstance (0ms)
		ReleaseScriptingObjects (0ms)
		CreateAndSetChildDomain (104ms)
	RebuildCommonClasses (91ms)
	RebuildNativeTypeToScriptingClass (30ms)
	initialDomainReloadingComplete (94ms)
	LoadAllAssembliesAndSetupDomain (1227ms)
		LoadAssemblies (1003ms)
		RebuildTransferFunctionScriptingTraits (0ms)
		AnalyzeDomain (487ms)
			TypeCache.Refresh (27ms)
				TypeCache.ScanAssembly (0ms)
			BuildScriptInfoCaches (426ms)
			ResolveRequiredComponents (24ms)
	FinalizeReload (1894ms)
		ReleaseScriptCaches (0ms)
		RebuildScriptCaches (0ms)
		SetupLoadedEditorAssemblies (1490ms)
			LogAssemblyErrors (0ms)
			InitializePlatformSupportModulesInManaged (6ms)
			SetLoadedEditorAssemblies (8ms)
			BeforeProcessingInitializeOnLoad (394ms)
			ProcessInitializeOnLoadAttributes (870ms)
			ProcessInitializeOnLoadMethodAttributes (188ms)
			AfterProcessingInitializeOnLoad (24ms)
			EditorAssembliesLoaded (1ms)
		ExecutionOrderSort2 (0ms)
		AwakeInstancesAfterBackupRestoration (43ms)
Refreshing native plugins compatible for Editor in 10.56 ms, found 4 plugins.
Preloading 0 native plugins for Editor in 0.00 ms.
Unloading 16 Unused Serialized files (Serialized files now loaded: 0)
<HackaTime> Got response
{"id":1653571689,"user_id":7870,"branch":"main","category":"coding","dependencies":[],"editor":"","entity":"Unsaved Scene","language":"unity","machine":null,"operating_system":"","project":"magicExplorer","type":"file","user_agent":"unity-hackatime","line_additions":null,"line_deletions":null,"lineno":null,"lines":null,"cursorpos":null,"project_root_count":null,"time":1771756288.0,"is_write":false,"created_at":"2026-02-22T10:30:54.140Z","updated_at":"2026-02-22T10:30:54.142Z","fields_hash":"02992f31c94535a8b006eb5fc55a9cf8","source_type":"direct_entry","ip_address":"2.34.183.101","ysws_program":"nothing","deleted_at":null,"raw_data":null,"raw_heartbeat_upload_id":199407288}
UnityEngine.Debug:ExtractStackTraceNoAlloc (byte*,int,string)
UnityEngine.StackTraceUtility:ExtractStackTrace ()
UnityEngine.DebugLogHandler:Internal_Log (UnityEngine.LogType,UnityEngine.LogOption,string,UnityEngine.Object)
UnityEngine.DebugLogHandler:LogFormat (UnityEngine.LogType,UnityEngine.Object,string,object[])
UnityEngine.Logger:Log (UnityEngine.LogType,object)
UnityEngine.Debug:Log (object)
WakaTime.Plugin/<SendHeartbeat>d__29:MoveNext () (at ./Library/PackageCache/com.daniel-geo.unityhackatime@5ac210a9a287/Editor/Plugin.cs:187)
System.Runtime.CompilerServices.AsyncMethodBuilderCore/MoveNextRunner:InvokeMoveNext (object)
System.Threading.ExecutionContext:RunInternal (System.Threading.ExecutionContext,System.Threading.ContextCallback,object,bool)
System.Threading.ExecutionContext:Run (System.Threading.ExecutionContext,System.Threading.ContextCallback,object,bool)
System.Runtime.CompilerServices.AsyncMethodBuilderCore/MoveNextRunner:Run ()
System.Threading.Tasks.AwaitTaskContinuation:InvokeAction (object)
System.Threading.Tasks.AwaitTaskContinuation:RunCallback (System.Threading.ContextCallback,object,System.Threading.Tasks.Task&)
System.Threading.Tasks.SynchronizationContextAwaitTaskContinuation:Run (System.Threading.Tasks.Task,bool)
System.Threading.Tasks.Task:FinishContinuations ()
System.Threading.Tasks.Task:FinishStageThree ()
System.Threading.Tasks.Task`1<bool>:TrySetResult (bool)
System.Threading.Tasks.TaskCompletionSource`1<bool>:TrySetResult (bool)
WakaTime.Plugin/<>c__DisplayClass29_0:<SendHeartbeat>b__0 (UnityEngine.AsyncOperation) (at ./Library/PackageCache/com.daniel-geo.unityhackatime@5ac210a9a287/Editor/Plugin.cs:176)
UnityEngine.AsyncOperation:InvokeCompletionEvent ()

(Filename: ./Library/PackageCache/com.daniel-geo.unityhackatime@5ac210a9a287/Editor/Plugin.cs Line: 187)

<HackaTime> Sent heartbeat!
UnityEngine.Debug:ExtractStackTraceNoAlloc (byte*,int,string)
UnityEngine.StackTraceUtility:ExtractStackTrace ()
UnityEngine.DebugLogHandler:Internal_Log (UnityEngine.LogType,UnityEngine.LogOption,string,UnityEngine.Object)
UnityEngine.DebugLogHandler:LogFormat (UnityEngine.LogType,UnityEngine.Object,string,object[])
UnityEngine.Logger:Log (UnityEngine.LogType,object)
UnityEngine.Debug:Log (object)
WakaTime.Plugin/<SendHeartbeat>d__29:MoveNext () (at ./Library/PackageCache/com.daniel-geo.unityhackatime@5ac210a9a287/Editor/Plugin.cs:203)
System.Runtime.CompilerServices.AsyncMethodBuilderCore/MoveNextRunner:InvokeMoveNext (object)
System.Threading.ExecutionContext:RunInternal (System.Threading.ExecutionContext,System.Threading.ContextCallback,object,bool)
System.Threading.ExecutionContext:Run (System.Threading.ExecutionContext,System.Threading.ContextCallback,object,bool)
System.Runtime.CompilerServices.AsyncMethodBuilderCore/MoveNextRunner:Run ()
System.Threading.Tasks.AwaitTaskContinuation:InvokeAction (object)
System.Threading.Tasks.AwaitTaskContinuation:RunCallback (System.Threading.ContextCallback,object,System.Threading.Tasks.Task&)
System.Threading.Tasks.SynchronizationContextAwaitTaskContinuation:Run (System.Threading.Tasks.Task,bool)
System.Threading.Tasks.Task:FinishContinuations ()
System.Threading.Tasks.Task:FinishStageThree ()
System.Threading.Tasks.Task`1<bool>:TrySetResult (bool)
System.Threading.Tasks.TaskCompletionSource`1<bool>:TrySetResult (bool)
WakaTime.Plugin/<>c__DisplayClass29_0:<SendHeartbeat>b__0 (UnityEngine.AsyncOperation) (at ./Library/PackageCache/com.daniel-geo.unityhackatime@5ac210a9a287/Editor/Plugin.cs:176)
UnityEngine.AsyncOperation:InvokeCompletionEvent ()

(Filename: ./Library/PackageCache/com.daniel-geo.unityhackatime@5ac210a9a287/Editor/Plugin.cs Line: 203)

Unloading 6876 unused Assets / (4.6 MB). Loaded Objects now: 7729.
Memory consumption went from 161.5 MB to 156.9 MB.
Total: 17.148600 ms (FindLiveObjects: 1.420300 ms CreateObjectMapping: 1.483500 ms MarkObjects: 10.048800 ms  DeleteObjects: 4.193800 ms)

Prepare: number of updated asset objects reloaded= 0
========================================================================
Received Prepare
Begin MonoManager ReloadAssembly
[Licensing::Client] Successfully resolved entitlement details
- Loaded All Assemblies, in  0.900 seconds
Refreshing native plugins compatible for Editor in 1.77 ms, found 4 plugins.
Native extension for WindowsStandalone target not found
Native extension for WebGL target not found
[Package Manager] Failed to launch server process. Reason: Unity was launched with the -noUpm command-line argument
[Package Manager] Unable to send message (not connected to server process).
[Package Manager] Cannot connect to Unity Package Manager local server
<HackaTime> Initializing...
UnityEngine.Debug:ExtractStackTraceNoAlloc (byte*,int,string)
UnityEngine.StackTraceUtility:ExtractStackTrace ()
UnityEngine.DebugLogHandler:Internal_Log (UnityEngine.LogType,UnityEngine.LogOption,string,UnityEngine.Object)
UnityEngine.DebugLogHandler:LogFormat (UnityEngine.LogType,UnityEngine.Object,string,object[])
UnityEngine.Logger:Log (UnityEngine.LogType,object)
UnityEngine.Debug:Log (object)
WakaTime.Plugin:Initialize () (at ./Library/PackageCache/com.daniel-geo.unityhackatime@5ac210a9a287/Editor/Plugin.cs:76)
WakaTime.Plugin:.cctor () (at ./Library/PackageCache/com.daniel-geo.unityhackatime@5ac210a9a287/Editor/Plugin.cs:41)
System.Runtime.CompilerServices.RuntimeHelpers:RunClassConstructor (System.RuntimeTypeHandle)
UnityEditor.EditorAssemblies:ProcessInitializeOnLoadAttributes (System.Type[])

(Filename: ./Library/PackageCache/com.daniel-geo.unityhackatime@5ac210a9a287/Editor/Plugin.cs Line: 76)

<HackaTime> Sending heartbeat...
UnityEngine.Debug:ExtractStackTraceNoAlloc (byte*,int,string)
UnityEngine.StackTraceUtility:ExtractStackTrace ()
UnityEngine.DebugLogHandler:Internal_Log (UnityEngine.LogType,UnityEngine.LogOption,string,UnityEngine.Object)
UnityEngine.DebugLogHandler:LogFormat (UnityEngine.LogType,UnityEngine.Object,string,object[])
UnityEngine.Logger:Log (UnityEngine.LogType,object)
UnityEngine.Debug:Log (object)
WakaTime.Plugin/<SendHeartbeat>d__29:MoveNext () (at ./Library/PackageCache/com.daniel-geo.unityhackatime@5ac210a9a287/Editor/Plugin.cs:144)
System.Runtime.CompilerServices.AsyncVoidMethodBuilder:Start<WakaTime.Plugin/<SendHeartbeat>d__29> (WakaTime.Plugin/<SendHeartbeat>d__29&)
WakaTime.Plugin:SendHeartbeat (bool)
WakaTime.Plugin:Initialize () (at ./Library/PackageCache/com.daniel-geo.unityhackatime@5ac210a9a287/Editor/Plugin.cs:78)
WakaTime.Plugin:.cctor () (at ./Library/PackageCache/com.daniel-geo.unityhackatime@5ac210a9a287/Editor/Plugin.cs:41)
System.Runtime.CompilerServices.RuntimeHelpers:RunClassConstructor (System.RuntimeTypeHandle)
UnityEditor.EditorAssemblies:ProcessInitializeOnLoadAttributes (System.Type[])

(Filename: ./Library/PackageCache/com.daniel-geo.unityhackatime@5ac210a9a287/Editor/Plugin.cs Line: 144)

Mono: successfully reloaded assembly
- Finished resetting the current domain, in  1.088 seconds
Domain Reload Profiling: 1987ms
	BeginReloadAssembly (251ms)
		ExecutionOrderSort (0ms)
		DisableScriptedObjects (14ms)
		BackupInstance (0ms)
		ReleaseScriptingObjects (0ms)
		CreateAndSetChildDomain (54ms)
	RebuildCommonClasses (51ms)
	RebuildNativeTypeToScriptingClass (22ms)
	initialDomainReloadingComplete (39ms)
	LoadAllAssembliesAndSetupDomain (537ms)
		LoadAssemblies (414ms)
		RebuildTransferFunctionScriptingTraits (0ms)
		AnalyzeDomain (233ms)
			TypeCache.Refresh (11ms)
				TypeCache.ScanAssembly (0ms)
			BuildScriptInfoCaches (203ms)
			ResolveRequiredComponents (13ms)
	FinalizeReload (1088ms)
		ReleaseScriptCaches (0ms)
		RebuildScriptCaches (0ms)
		SetupLoadedEditorAssemblies (792ms)
			LogAssemblyErrors (0ms)
			InitializePlatformSupportModulesInManaged (3ms)
			SetLoadedEditorAssemblies (8ms)
			BeforeProcessingInitializeOnLoad (169ms)
			ProcessInitializeOnLoadAttributes (435ms)
			ProcessInitializeOnLoadMethodAttributes (158ms)
			AfterProcessingInitializeOnLoad (18ms)
			EditorAssembliesLoaded (1ms)
		ExecutionOrderSort2 (0ms)
		AwakeInstancesAfterBackupRestoration (40ms)
Refreshing native plugins compatible for Editor in 1.90 ms, found 4 plugins.
Preloading 0 native plugins for Editor in 0.00 ms.
Unloading 16 Unused Serialized files (Serialized files now loaded: 0)
<HackaTime> Got response
{"id":1653576051,"user_id":7870,"branch":"main","category":"coding","dependencies":[],"editor":"","entity":"Unsaved Scene","language":"unity","machine":null,"operating_system":"","project":"magicExplorer","type":"file","user_agent":"unity-hackatime","line_additions":null,"line_deletions":null,"lineno":null,"lines":null,"cursorpos":null,"project_root_count":null,"time":1771756416.0,"is_write":false,"created_at":"2026-02-22T10:34:17.717Z","updated_at":"2026-02-22T10:34:17.718Z","fields_hash":"792ff47d440985b374570647d23c19c6","source_type":"direct_entry","ip_address":"2.34.183.101","ysws_program":"nothing","deleted_at":null,"raw_data":null,"raw_heartbeat_upload_id":199408792}
UnityEngine.Debug:ExtractStackTraceNoAlloc (byte*,int,string)
UnityEngine.StackTraceUtility:ExtractStackTrace ()
UnityEngine.DebugLogHandler:Internal_Log (UnityEngine.LogType,UnityEngine.LogOption,string,UnityEngine.Object)
UnityEngine.DebugLogHandler:LogFormat (UnityEngine.LogType,UnityEngine.Object,string,object[])
UnityEngine.Logger:Log (UnityEngine.LogType,object)
UnityEngine.Debug:Log (object)
WakaTime.Plugin/<SendHeartbeat>d__29:MoveNext () (at ./Library/PackageCache/com.daniel-geo.unityhackatime@5ac210a9a287/Editor/Plugin.cs:187)
System.Runtime.CompilerServices.AsyncMethodBuilderCore/MoveNextRunner:InvokeMoveNext (object)
System.Threading.ExecutionContext:RunInternal (System.Threading.ExecutionContext,System.Threading.ContextCallback,object,bool)
System.Threading.ExecutionContext:Run (System.Threading.ExecutionContext,System.Threading.ContextCallback,object,bool)
System.Runtime.CompilerServices.AsyncMethodBuilderCore/MoveNextRunner:Run ()
System.Threading.Tasks.AwaitTaskContinuation:InvokeAction (object)
System.Threading.Tasks.AwaitTaskContinuation:RunCallback (System.Threading.ContextCallback,object,System.Threading.Tasks.Task&)
System.Threading.Tasks.SynchronizationContextAwaitTaskContinuation:Run (System.Threading.Tasks.Task,bool)
System.Threading.Tasks.Task:FinishContinuations ()
System.Threading.Tasks.Task:FinishStageThree ()
System.Threading.Tasks.Task`1<bool>:TrySetResult (bool)
System.Threading.Tasks.TaskCompletionSource`1<bool>:TrySetResult (bool)
WakaTime.Plugin/<>c__DisplayClass29_0:<SendHeartbeat>b__0 (UnityEngine.AsyncOperation) (at ./Library/PackageCache/com.daniel-geo.unityhackatime@5ac210a9a287/Editor/Plugin.cs:176)
UnityEngine.AsyncOperation:InvokeCompletionEvent ()

(Filename: ./Library/PackageCache/com.daniel-geo.unityhackatime@5ac210a9a287/Editor/Plugin.cs Line: 187)

<HackaTime> Sent heartbeat!
UnityEngine.Debug:ExtractStackTraceNoAlloc (byte*,int,string)
UnityEngine.StackTraceUtility:ExtractStackTrace ()
UnityEngine.DebugLogHandler:Internal_Log (UnityEngine.LogType,UnityEngine.LogOption,string,UnityEngine.Object)
UnityEngine.DebugLogHandler:LogFormat (UnityEngine.LogType,UnityEngine.Object,string,object[])
UnityEngine.Logger:Log (UnityEngine.LogType,object)
UnityEngine.Debug:Log (object)
WakaTime.Plugin/<SendHeartbeat>d__29:MoveNext () (at ./Library/PackageCache/com.daniel-geo.unityhackatime@5ac210a9a287/Editor/Plugin.cs:203)
System.Runtime.CompilerServices.AsyncMethodBuilderCore/MoveNextRunner:InvokeMoveNext (object)
System.Threading.ExecutionContext:RunInternal (System.Threading.ExecutionContext,System.Threading.ContextCallback,object,bool)
System.Threading.ExecutionContext:Run (System.Threading.ExecutionContext,System.Threading.ContextCallback,object,bool)
System.Runtime.CompilerServices.AsyncMethodBuilderCore/MoveNextRunner:Run ()
System.Threading.Tasks.AwaitTaskContinuation:InvokeAction (object)
System.Threading.Tasks.AwaitTaskContinuation:RunCallback (System.Threading.ContextCallback,object,System.Threading.Tasks.Task&)
System.Threading.Tasks.SynchronizationContextAwaitTaskContinuation:Run (System.Threading.Tasks.Task,bool)
System.Threading.Tasks.Task:FinishContinuations ()
System.Threading.Tasks.Task:FinishStageThree ()
System.Threading.Tasks.Task`1<bool>:TrySetResult (bool)
System.Threading.Tasks.TaskCompletionSource`1<bool>:TrySetResult (bool)
WakaTime.Plugin/<>c__DisplayClass29_0:<SendHeartbeat>b__0 (UnityEngine.AsyncOperation) (at ./Library/PackageCache/com.daniel-geo.unityhackatime@5ac210a9a287/Editor/Plugin.cs:176)
UnityEngine.AsyncOperation:InvokeCompletionEvent ()

(Filename: ./Library/PackageCache/com.daniel-geo.unityhackatime@5ac210a9a287/Editor/Plugin.cs Line: 203)

Unloading 6876 unused Assets / (3.7 MB). Loaded Objects now: 7732.
Memory consumption went from 161.6 MB to 157.9 MB.
Total: 10.002700 ms (FindLiveObjects: 0.600500 ms CreateObjectMapping: 0.439000 ms MarkObjects: 6.383500 ms  DeleteObjects: 2.576900 ms)

Prepare: number of updated asset objects reloaded= 0
========================================================================
Received Import Request.
  Time since last request: 965.143591 seconds.
  path: Assets/Scripts/PlayerController.cs
  artifactKey: Guid(fd8f1a318c064544eb66187f198e40b5) Importer(815301076,1909f56bfc062723c751e8b465ee728b)
Start importing Assets/Scripts/PlayerController.cs using Guid(fd8f1a318c064544eb66187f198e40b5) Importer(815301076,1909f56bfc062723c751e8b465ee728b) (PreviewImporter) -> (artifact id: 'd0d54288f4ef8be86ace61363986067c') in 0.0061785 seconds
Number of updated asset objects reloaded before import = 0Number of asset objects unloaded after import = 0

========================================================================
Received Prepare
Begin MonoManager ReloadAssembly
- Loaded All Assemblies, in  0.707 seconds
Refreshing native plugins compatible for Editor in 1.12 ms, found 4 plugins.
Native extension for WindowsStandalone target not found
Native extension for WebGL target not found
[Package Manager] Failed to launch server process. Reason: Unity was launched with the -noUpm command-line argument
[Package Manager] Unable to send message (not connected to server process).
[Package Manager] Cannot connect to Unity Package Manager local server
<HackaTime> Initializing...
UnityEngine.Debug:ExtractStackTraceNoAlloc (byte*,int,string)
UnityEngine.StackTraceUtility:ExtractStackTrace ()
UnityEngine.DebugLogHandler:Internal_Log (UnityEngine.LogType,UnityEngine.LogOption,string,UnityEngine.Object)
UnityEngine.DebugLogHandler:LogFormat (UnityEngine.LogType,UnityEngine.Object,string,object[])
UnityEngine.Logger:Log (UnityEngine.LogType,object)
UnityEngine.Debug:Log (object)
WakaTime.Plugin:Initialize () (at ./Library/PackageCache/com.daniel-geo.unityhackatime@5ac210a9a287/Editor/Plugin.cs:76)
WakaTime.Plugin:.cctor () (at ./Library/PackageCache/com.daniel-geo.unityhackatime@5ac210a9a287/Editor/Plugin.cs:41)
System.Runtime.CompilerServices.RuntimeHelpers:RunClassConstructor (System.RuntimeTypeHandle)
UnityEditor.EditorAssemblies:ProcessInitializeOnLoadAttributes (System.Type[])

(Filename: ./Library/PackageCache/com.daniel-geo.unityhackatime@5ac210a9a287/Editor/Plugin.cs Line: 76)

<HackaTime> Sending heartbeat...
UnityEngine.Debug:ExtractStackTraceNoAlloc (byte*,int,string)
UnityEngine.StackTraceUtility:ExtractStackTrace ()
UnityEngine.DebugLogHandler:Internal_Log (UnityEngine.LogType,UnityEngine.LogOption,string,UnityEngine.Object)
UnityEngine.DebugLogHandler:LogFormat (UnityEngine.LogType,UnityEngine.Object,string,object[])
UnityEngine.Logger:Log (UnityEngine.LogType,object)
UnityEngine.Debug:Log (object)
WakaTime.Plugin/<SendHeartbeat>d__29:MoveNext () (at ./Library/PackageCache/com.daniel-geo.unityhackatime@5ac210a9a287/Editor/Plugin.cs:144)
System.Runtime.CompilerServices.AsyncVoidMethodBuilder:Start<WakaTime.Plugin/<SendHeartbeat>d__29> (WakaTime.Plugin/<SendHeartbeat>d__29&)
WakaTime.Plugin:SendHeartbeat (bool)
WakaTime.Plugin:Initialize () (at ./Library/PackageCache/com.daniel-geo.unityhackatime@5ac210a9a287/Editor/Plugin.cs:78)
WakaTime.Plugin:.cctor () (at ./Library/PackageCache/com.daniel-geo.unityhackatime@5ac210a9a287/Editor/Plugin.cs:41)
System.Runtime.CompilerServices.RuntimeHelpers:RunClassConstructor (System.RuntimeTypeHandle)
UnityEditor.EditorAssemblies:ProcessInitializeOnLoadAttributes (System.Type[])

(Filename: ./Library/PackageCache/com.daniel-geo.unityhackatime@5ac210a9a287/Editor/Plugin.cs Line: 144)

Mono: successfully reloaded assembly
- Finished resetting the current domain, in  0.765 seconds
Domain Reload Profiling: 1470ms
	BeginReloadAssembly (203ms)
		ExecutionOrderSort (0ms)
		DisableScriptedObjects (15ms)
		BackupInstance (0ms)
		ReleaseScriptingObjects (0ms)
		CreateAndSetChildDomain (50ms)
	RebuildCommonClasses (33ms)
	RebuildNativeTypeToScriptingClass (12ms)
	initialDomainReloadingComplete (28ms)
	LoadAllAssembliesAndSetupDomain (429ms)
		LoadAssemblies (345ms)
		RebuildTransferFunctionScriptingTraits (0ms)
		AnalyzeDomain (169ms)
			TypeCache.Refresh (6ms)
				TypeCache.ScanAssembly (0ms)
			BuildScriptInfoCaches (149ms)
			ResolveRequiredComponents (8ms)
	FinalizeReload (766ms)
		ReleaseScriptCaches (0ms)
		RebuildScriptCaches (0ms)
		SetupLoadedEditorAssemblies (567ms)
			LogAssemblyErrors (0ms)
			InitializePlatformSupportModulesInManaged (2ms)
			SetLoadedEditorAssemblies (7ms)
			BeforeProcessingInitializeOnLoad (153ms)
			ProcessInitializeOnLoadAttributes (328ms)
			ProcessInitializeOnLoadMethodAttributes (70ms)
			AfterProcessingInitializeOnLoad (7ms)
			EditorAssembliesLoaded (0ms)
		ExecutionOrderSort2 (0ms)
		AwakeInstancesAfterBackupRestoration (12ms)
Refreshing native plugins compatible for Editor in 1.20 ms, found 4 plugins.
Preloading 0 native plugins for Editor in 0.00 ms.
Unloading 16 Unused Serialized files (Serialized files now loaded: 0)
<HackaTime> Got response
{"id":1653577091,"user_id":7870,"branch":"main","category":"coding","dependencies":[],"editor":"","entity":"Unsaved Scene","language":"unity","machine":null,"operating_system":"","project":"magicExplorer","type":"file","user_agent":"unity-hackatime","line_additions":null,"line_deletions":null,"lineno":null,"lines":null,"cursorpos":null,"project_root_count":null,"time":1771756544.0,"is_write":false,"created_at":"2026-02-22T10:35:13.763Z","updated_at":"2026-02-22T10:35:13.765Z","fields_hash":"b5b5aa9202ee0490dc491b31a61db594","source_type":"direct_entry","ip_address":"2.34.183.101","ysws_program":"nothing","deleted_at":null,"raw_data":null,"raw_heartbeat_upload_id":199409159}
UnityEngine.Debug:ExtractStackTraceNoAlloc (byte*,int,string)
UnityEngine.StackTraceUtility:ExtractStackTrace ()
UnityEngine.DebugLogHandler:Internal_Log (UnityEngine.LogType,UnityEngine.LogOption,string,UnityEngine.Object)
UnityEngine.DebugLogHandler:LogFormat (UnityEngine.LogType,UnityEngine.Object,string,object[])
UnityEngine.Logger:Log (UnityEngine.LogType,object)
UnityEngine.Debug:Log (object)
WakaTime.Plugin/<SendHeartbeat>d__29:MoveNext () (at ./Library/PackageCache/com.daniel-geo.unityhackatime@5ac210a9a287/Editor/Plugin.cs:187)
System.Runtime.CompilerServices.AsyncMethodBuilderCore/MoveNextRunner:InvokeMoveNext (object)
System.Threading.ExecutionContext:RunInternal (System.Threading.ExecutionContext,System.Threading.ContextCallback,object,bool)
System.Threading.ExecutionContext:Run (System.Threading.ExecutionContext,System.Threading.ContextCallback,object,bool)
System.Runtime.CompilerServices.AsyncMethodBuilderCore/MoveNextRunner:Run ()
System.Threading.Tasks.AwaitTaskContinuation:InvokeAction (object)
System.Threading.Tasks.AwaitTaskContinuation:RunCallback (System.Threading.ContextCallback,object,System.Threading.Tasks.Task&)
System.Threading.Tasks.SynchronizationContextAwaitTaskContinuation:Run (System.Threading.Tasks.Task,bool)
System.Threading.Tasks.Task:FinishContinuations ()
System.Threading.Tasks.Task:FinishStageThree ()
System.Threading.Tasks.Task`1<bool>:TrySetResult (bool)
System.Threading.Tasks.TaskCompletionSource`1<bool>:TrySetResult (bool)
WakaTime.Plugin/<>c__DisplayClass29_0:<SendHeartbeat>b__0 (UnityEngine.AsyncOperation) (at ./Library/PackageCache/com.daniel-geo.unityhackatime@5ac210a9a287/Editor/Plugin.cs:176)
UnityEngine.AsyncOperation:InvokeCompletionEvent ()

(Filename: ./Library/PackageCache/com.daniel-geo.unityhackatime@5ac210a9a287/Editor/Plugin.cs Line: 187)

<HackaTime> Sent heartbeat!
UnityEngine.Debug:ExtractStackTraceNoAlloc (byte*,int,string)
UnityEngine.StackTraceUtility:ExtractStackTrace ()
UnityEngine.DebugLogHandler:Internal_Log (UnityEngine.LogType,UnityEngine.LogOption,string,UnityEngine.Object)
UnityEngine.DebugLogHandler:LogFormat (UnityEngine.LogType,UnityEngine.Object,string,object[])
UnityEngine.Logger:Log (UnityEngine.LogType,object)
UnityEngine.Debug:Log (object)
WakaTime.Plugin/<SendHeartbeat>d__29:MoveNext () (at ./Library/PackageCache/com.daniel-geo.unityhackatime@5ac210a9a287/Editor/Plugin.cs:203)
System.Runtime.CompilerServices.AsyncMethodBuilderCore/MoveNextRunner:InvokeMoveNext (object)
System.Threading.ExecutionContext:RunInternal (System.Threading.ExecutionContext,System.Threading.ContextCallback,object,bool)
System.Threading.ExecutionContext:Run (System.Threading.ExecutionContext,System.Threading.ContextCallback,object,bool)
System.Runtime.CompilerServices.AsyncMethodBuilderCore/MoveNextRunner:Run ()
System.Threading.Tasks.AwaitTaskContinuation:InvokeAction (object)
System.Threading.Tasks.AwaitTaskContinuation:RunCallback (System.Threading.ContextCallback,object,System.Threading.Tasks.Task&)
System.Threading.Tasks.SynchronizationContextAwaitTaskContinuation:Run (System.Threading.Tasks.Task,bool)
System.Threading.Tasks.Task:FinishContinuations ()
System.Threading.Tasks.Task:FinishStageThree ()
System.Threading.Tasks.Task`1<bool>:TrySetResult (bool)
System.Threading.Tasks.TaskCompletionSource`1<bool>:TrySetResult (bool)
WakaTime.Plugin/<>c__DisplayClass29_0:<SendHeartbeat>b__0 (UnityEngine.AsyncOperation) (at ./Library/PackageCache/com.daniel-geo.unityhackatime@5ac210a9a287/Editor/Plugin.cs:176)
UnityEngine.AsyncOperation:InvokeCompletionEvent ()

(Filename: ./Library/PackageCache/com.daniel-geo.unityhackatime@5ac210a9a287/Editor/Plugin.cs Line: 203)

Unloading 6876 unused Assets / (4.0 MB). Loaded Objects now: 7735.
Memory consumption went from 161.7 MB to 157.7 MB.
Total: 7.898500 ms (FindLiveObjects: 0.500900 ms CreateObjectMapping: 0.327600 ms MarkObjects: 5.220300 ms  DeleteObjects: 1.848500 ms)

Prepare: number of updated asset objects reloaded= 0
========================================================================
Received Prepare
Begin MonoManager ReloadAssembly
[Licensing::Client] Successfully resolved entitlement details
- Loaded All Assemblies, in  0.745 seconds
Refreshing native plugins compatible for Editor in 1.59 ms, found 4 plugins.
Native extension for WindowsStandalone target not found
Native extension for WebGL target not found
[Package Manager] Failed to launch server process. Reason: Unity was launched with the -noUpm command-line argument
[Package Manager] Unable to send message (not connected to server process).
[Package Manager] Cannot connect to Unity Package Manager local server
<HackaTime> Initializing...
UnityEngine.Debug:ExtractStackTraceNoAlloc (byte*,int,string)
UnityEngine.StackTraceUtility:ExtractStackTrace ()
UnityEngine.DebugLogHandler:Internal_Log (UnityEngine.LogType,UnityEngine.LogOption,string,UnityEngine.Object)
UnityEngine.DebugLogHandler:LogFormat (UnityEngine.LogType,UnityEngine.Object,string,object[])
UnityEngine.Logger:Log (UnityEngine.LogType,object)
UnityEngine.Debug:Log (object)
WakaTime.Plugin:Initialize () (at ./Library/PackageCache/com.daniel-geo.unityhackatime@5ac210a9a287/Editor/Plugin.cs:76)
WakaTime.Plugin:.cctor () (at ./Library/PackageCache/com.daniel-geo.unityhackatime@5ac210a9a287/Editor/Plugin.cs:41)
System.Runtime.CompilerServices.RuntimeHelpers:RunClassConstructor (System.RuntimeTypeHandle)
UnityEditor.EditorAssemblies:ProcessInitializeOnLoadAttributes (System.Type[])

(Filename: ./Library/PackageCache/com.daniel-geo.unityhackatime@5ac210a9a287/Editor/Plugin.cs Line: 76)

<HackaTime> Sending heartbeat...
UnityEngine.Debug:ExtractStackTraceNoAlloc (byte*,int,string)
UnityEngine.StackTraceUtility:ExtractStackTrace ()
UnityEngine.DebugLogHandler:Internal_Log (UnityEngine.LogType,UnityEngine.LogOption,string,UnityEngine.Object)
UnityEngine.DebugLogHandler:LogFormat (UnityEngine.LogType,UnityEngine.Object,string,object[])
UnityEngine.Logger:Log (UnityEngine.LogType,object)
UnityEngine.Debug:Log (object)
WakaTime.Plugin/<SendHeartbeat>d__29:MoveNext () (at ./Library/PackageCache/com.daniel-geo.unityhackatime@5ac210a9a287/Editor/Plugin.cs:144)
System.Runtime.CompilerServices.AsyncVoidMethodBuilder:Start<WakaTime.Plugin/<SendHeartbeat>d__29> (WakaTime.Plugin/<SendHeartbeat>d__29&)
WakaTime.Plugin:SendHeartbeat (bool)
WakaTime.Plugin:Initialize () (at ./Library/PackageCache/com.daniel-geo.unityhackatime@5ac210a9a287/Editor/Plugin.cs:78)
WakaTime.Plugin:.cctor () (at ./Library/PackageCache/com.daniel-geo.unityhackatime@5ac210a9a287/Editor/Plugin.cs:41)
System.Runtime.CompilerServices.RuntimeHelpers:RunClassConstructor (System.RuntimeTypeHandle)
UnityEditor.EditorAssemblies:ProcessInitializeOnLoadAttributes (System.Type[])

(Filename: ./Library/PackageCache/com.daniel-geo.unityhackatime@5ac210a9a287/Editor/Plugin.cs Line: 144)

Mono: successfully reloaded assembly
- Finished resetting the current domain, in  0.751 seconds
Domain Reload Profiling: 1494ms
	BeginReloadAssembly (206ms)
		ExecutionOrderSort (0ms)
		DisableScriptedObjects (13ms)
		BackupInstance (0ms)
		ReleaseScriptingObjects (0ms)
		CreateAndSetChildDomain (51ms)
	RebuildCommonClasses (35ms)
	RebuildNativeTypeToScriptingClass (11ms)
	initialDomainReloadingComplete (30ms)
	LoadAllAssembliesAndSetupDomain (461ms)
		LoadAssemblies (358ms)
		RebuildTransferFunctionScriptingTraits (0ms)
		AnalyzeDomain (186ms)
			TypeCache.Refresh (7ms)
				TypeCache.ScanAssembly (0ms)
			BuildScriptInfoCaches (164ms)
			ResolveRequiredComponents (10ms)
	FinalizeReload (751ms)
		ReleaseScriptCaches (0ms)
		RebuildScriptCaches (0ms)
		SetupLoadedEditorAssemblies (595ms)
			LogAssemblyErrors (0ms)
			InitializePlatformSupportModulesInManaged (3ms)
			SetLoadedEditorAssemblies (6ms)
			BeforeProcessingInitializeOnLoad (142ms)
			ProcessInitializeOnLoadAttributes (358ms)
			ProcessInitializeOnLoadMethodAttributes (79ms)
			AfterProcessingInitializeOnLoad (7ms)
			EditorAssembliesLoaded (0ms)
		ExecutionOrderSort2 (0ms)
		AwakeInstancesAfterBackupRestoration (16ms)
Refreshing native plugins compatible for Editor in 1.41 ms, found 4 plugins.
Preloading 0 native plugins for Editor in 0.00 ms.
Unloading 16 Unused Serialized files (Serialized files now loaded: 0)
<HackaTime> Got response
{"id":1653579660,"user_id":7870,"branch":"main","category":"coding","dependencies":[],"editor":"","entity":"Unsaved Scene","language":"unity","machine":null,"operating_system":"","project":"magicExplorer","type":"file","user_agent":"unity-hackatime","line_additions":null,"line_deletions":null,"lineno":null,"lines":null,"cursorpos":null,"project_root_count":null,"time":1771756672.0,"is_write":false,"created_at":"2026-02-22T10:37:40.719Z","updated_at":"2026-02-22T10:37:40.721Z","fields_hash":"b6764f51f7bb6d18396f6694c9b25054","source_type":"direct_entry","ip_address":"2.34.183.101","ysws_program":"nothing","deleted_at":null,"raw_data":null,"raw_heartbeat_upload_id":199410124}
UnityEngine.Debug:ExtractStackTraceNoAlloc (byte*,int,string)
UnityEngine.StackTraceUtility:ExtractStackTrace ()
UnityEngine.DebugLogHandler:Internal_Log (UnityEngine.LogType,UnityEngine.LogOption,string,UnityEngine.Object)
UnityEngine.DebugLogHandler:LogFormat (UnityEngine.LogType,UnityEngine.Object,string,object[])
UnityEngine.Logger:Log (UnityEngine.LogType,object)
UnityEngine.Debug:Log (object)
WakaTime.Plugin/<SendHeartbeat>d__29:MoveNext () (at ./Library/PackageCache/com.daniel-geo.unityhackatime@5ac210a9a287/Editor/Plugin.cs:187)
System.Runtime.CompilerServices.AsyncMethodBuilderCore/MoveNextRunner:InvokeMoveNext (object)
System.Threading.ExecutionContext:RunInternal (System.Threading.ExecutionContext,System.Threading.ContextCallback,object,bool)
System.Threading.ExecutionContext:Run (System.Threading.ExecutionContext,System.Threading.ContextCallback,object,bool)
System.Runtime.CompilerServices.AsyncMethodBuilderCore/MoveNextRunner:Run ()
System.Threading.Tasks.AwaitTaskContinuation:InvokeAction (object)
System.Threading.Tasks.AwaitTaskContinuation:RunCallback (System.Threading.ContextCallback,object,System.Threading.Tasks.Task&)
System.Threading.Tasks.SynchronizationContextAwaitTaskContinuation:Run (System.Threading.Tasks.Task,bool)
System.Threading.Tasks.Task:FinishContinuations ()
System.Threading.Tasks.Task:FinishStageThree ()
System.Threading.Tasks.Task`1<bool>:TrySetResult (bool)
System.Threading.Tasks.TaskCompletionSource`1<bool>:TrySetResult (bool)
WakaTime.Plugin/<>c__DisplayClass29_0:<SendHeartbeat>b__0 (UnityEngine.AsyncOperation) (at ./Library/PackageCache/com.daniel-geo.unityhackatime@5ac210a9a287/Editor/Plugin.cs:176)
UnityEngine.AsyncOperation:InvokeCompletionEvent ()

(Filename: ./Library/PackageCache/com.daniel-geo.unityhackatime@5ac210a9a287/Editor/Plugin.cs Line: 187)

<HackaTime> Sent heartbeat!
UnityEngine.Debug:ExtractStackTraceNoAlloc (byte*,int,string)
UnityEngine.StackTraceUtility:ExtractStackTrace ()
UnityEngine.DebugLogHandler:Internal_Log (UnityEngine.LogType,UnityEngine.LogOption,string,UnityEngine.Object)
UnityEngine.DebugLogHandler:LogFormat (UnityEngine.LogType,UnityEngine.Object,string,object[])
UnityEngine.Logger:Log (UnityEngine.LogType,object)
UnityEngine.Debug:Log (object)
WakaTime.Plugin/<SendHeartbeat>d__29:MoveNext () (at ./Library/PackageCache/com.daniel-geo.unityhackatime@5ac210a9a287/Editor/Plugin.cs:203)
System.Runtime.CompilerServices.AsyncMethodBuilderCore/MoveNextRunner:InvokeMoveNext (object)
System.Threading.ExecutionContext:RunInternal (System.Threading.ExecutionContext,System.Threading.ContextCallback,object,bool)
System.Threading.ExecutionContext:Run (System.Threading.ExecutionContext,System.Threading.ContextCallback,object,bool)
System.Runtime.CompilerServices.AsyncMethodBuilderCore/MoveNextRunner:Run ()
System.Threading.Tasks.AwaitTaskContinuation:InvokeAction (object)
System.Threading.Tasks.AwaitTaskContinuation:RunCallback (System.Threading.ContextCallback,object,System.Threading.Tasks.Task&)
System.Threading.Tasks.SynchronizationContextAwaitTaskContinuation:Run (System.Threading.Tasks.Task,bool)
System.Threading.Tasks.Task:FinishContinuations ()
System.Threading.Tasks.Task:FinishStageThree ()
System.Threading.Tasks.Task`1<bool>:TrySetResult (bool)
System.Threading.Tasks.TaskCompletionSource`1<bool>:TrySetResult (bool)
WakaTime.Plugin/<>c__DisplayClass29_0:<SendHeartbeat>b__0 (UnityEngine.AsyncOperation) (at ./Library/PackageCache/com.daniel-geo.unityhackatime@5ac210a9a287/Editor/Plugin.cs:176)
UnityEngine.AsyncOperation:InvokeCompletionEvent ()

(Filename: ./Library/PackageCache/com.daniel-geo.unityhackatime@5ac210a9a287/Editor/Plugin.cs Line: 203)

Unloading 6876 unused Assets / (4.0 MB). Loaded Objects now: 7738.
Memory consumption went from 161.7 MB to 157.7 MB.
Total: 9.170200 ms (FindLiveObjects: 0.601900 ms CreateObjectMapping: 0.375800 ms MarkObjects: 5.734800 ms  DeleteObjects: 2.456200 ms)

Prepare: number of updated asset objects reloaded= 0
========================================================================
Received Prepare
Begin MonoManager ReloadAssembly
[Licensing::Client] Successfully resolved entitlement details
- Loaded All Assemblies, in  0.717 seconds
Refreshing native plugins compatible for Editor in 1.64 ms, found 4 plugins.
Native extension for WindowsStandalone target not found
Native extension for WebGL target not found
[Package Manager] Failed to launch server process. Reason: Unity was launched with the -noUpm command-line argument
[Package Manager] Unable to send message (not connected to server process).
[Package Manager] Cannot connect to Unity Package Manager local server
<HackaTime> Initializing...
UnityEngine.Debug:ExtractStackTraceNoAlloc (byte*,int,string)
UnityEngine.StackTraceUtility:ExtractStackTrace ()
UnityEngine.DebugLogHandler:Internal_Log (UnityEngine.LogType,UnityEngine.LogOption,string,UnityEngine.Object)
UnityEngine.DebugLogHandler:LogFormat (UnityEngine.LogType,UnityEngine.Object,string,object[])
UnityEngine.Logger:Log (UnityEngine.LogType,object)
UnityEngine.Debug:Log (object)
WakaTime.Plugin:Initialize () (at ./Library/PackageCache/com.daniel-geo.unityhackatime@5ac210a9a287/Editor/Plugin.cs:76)
WakaTime.Plugin:.cctor () (at ./Library/PackageCache/com.daniel-geo.unityhackatime@5ac210a9a287/Editor/Plugin.cs:41)
System.Runtime.CompilerServices.RuntimeHelpers:RunClassConstructor (System.RuntimeTypeHandle)
UnityEditor.EditorAssemblies:ProcessInitializeOnLoadAttributes (System.Type[])

(Filename: ./Library/PackageCache/com.daniel-geo.unityhackatime@5ac210a9a287/Editor/Plugin.cs Line: 76)

<HackaTime> Sending heartbeat...
UnityEngine.Debug:ExtractStackTraceNoAlloc (byte*,int,string)
UnityEngine.StackTraceUtility:ExtractStackTrace ()
UnityEngine.DebugLogHandler:Internal_Log (UnityEngine.LogType,UnityEngine.LogOption,string,UnityEngine.Object)
UnityEngine.DebugLogHandler:LogFormat (UnityEngine.LogType,UnityEngine.Object,string,object[])
UnityEngine.Logger:Log (UnityEngine.LogType,object)
UnityEngine.Debug:Log (object)
WakaTime.Plugin/<SendHeartbeat>d__29:MoveNext () (at ./Library/PackageCache/com.daniel-geo.unityhackatime@5ac210a9a287/Editor/Plugin.cs:144)
System.Runtime.CompilerServices.AsyncVoidMethodBuilder:Start<WakaTime.Plugin/<SendHeartbeat>d__29> (WakaTime.Plugin/<SendHeartbeat>d__29&)
WakaTime.Plugin:SendHeartbeat (bool)
WakaTime.Plugin:Initialize () (at ./Library/PackageCache/com.daniel-geo.unityhackatime@5ac210a9a287/Editor/Plugin.cs:78)
WakaTime.Plugin:.cctor () (at ./Library/PackageCache/com.daniel-geo.unityhackatime@5ac210a9a287/Editor/Plugin.cs:41)
System.Runtime.CompilerServices.RuntimeHelpers:RunClassConstructor (System.RuntimeTypeHandle)
UnityEditor.EditorAssemblies:ProcessInitializeOnLoadAttributes (System.Type[])

(Filename: ./Library/PackageCache/com.daniel-geo.unityhackatime@5ac210a9a287/Editor/Plugin.cs Line: 144)

Mono: successfully reloaded assembly
- Finished resetting the current domain, in  0.745 seconds
Domain Reload Profiling: 1459ms
	BeginReloadAssembly (221ms)
		ExecutionOrderSort (0ms)
		DisableScriptedObjects (12ms)
		BackupInstance (0ms)
		ReleaseScriptingObjects (0ms)
		CreateAndSetChildDomain (56ms)
	RebuildCommonClasses (32ms)
	RebuildNativeTypeToScriptingClass (12ms)
	initialDomainReloadingComplete (27ms)
	LoadAllAssembliesAndSetupDomain (422ms)
		LoadAssemblies (345ms)
		RebuildTransferFunctionScriptingTraits (0ms)
		AnalyzeDomain (169ms)
			TypeCache.Refresh (8ms)
				TypeCache.ScanAssembly (0ms)
			BuildScriptInfoCaches (148ms)
			ResolveRequiredComponents (8ms)
	FinalizeReload (745ms)
		ReleaseScriptCaches (0ms)
		RebuildScriptCaches (0ms)
		SetupLoadedEditorAssemblies (576ms)
			LogAssemblyErrors (0ms)
			InitializePlatformSupportModulesInManaged (3ms)
			SetLoadedEditorAssemblies (7ms)
			BeforeProcessingInitializeOnLoad (162ms)
			ProcessInitializeOnLoadAttributes (326ms)
			ProcessInitializeOnLoadMethodAttributes (71ms)
			AfterProcessingInitializeOnLoad (7ms)
			EditorAssembliesLoaded (0ms)
		ExecutionOrderSort2 (0ms)
		AwakeInstancesAfterBackupRestoration (13ms)
Refreshing native plugins compatible for Editor in 1.37 ms, found 4 plugins.
Preloading 0 native plugins for Editor in 0.00 ms.
Unloading 16 Unused Serialized files (Serialized files now loaded: 0)
<HackaTime> Got response
{"id":1653582521,"user_id":7870,"branch":"main","category":"coding","dependencies":[],"editor":"","entity":"Unsaved Scene","language":"unity","machine":null,"operating_system":"","project":"magicExplorer","type":"file","user_agent":"unity-hackatime","line_additions":null,"line_deletions":null,"lineno":null,"lines":null,"cursorpos":null,"project_root_count":null,"time":1771756800.0,"is_write":false,"created_at":"2026-02-22T10:40:15.506Z","updated_at":"2026-02-22T10:40:15.507Z","fields_hash":"20168c13a7683bc20a54ed5aa184b5aa","source_type":"direct_entry","ip_address":"2.34.183.101","ysws_program":"nothing","deleted_at":null,"raw_data":null,"raw_heartbeat_upload_id":199411193}
UnityEngine.Debug:ExtractStackTraceNoAlloc (byte*,int,string)
UnityEngine.StackTraceUtility:ExtractStackTrace ()
UnityEngine.DebugLogHandler:Internal_Log (UnityEngine.LogType,UnityEngine.LogOption,string,UnityEngine.Object)
UnityEngine.DebugLogHandler:LogFormat (UnityEngine.LogType,UnityEngine.Object,string,object[])
UnityEngine.Logger:Log (UnityEngine.LogType,object)
UnityEngine.Debug:Log (object)
WakaTime.Plugin/<SendHeartbeat>d__29:MoveNext () (at ./Library/PackageCache/com.daniel-geo.unityhackatime@5ac210a9a287/Editor/Plugin.cs:187)
System.Runtime.CompilerServices.AsyncMethodBuilderCore/MoveNextRunner:InvokeMoveNext (object)
System.Threading.ExecutionContext:RunInternal (System.Threading.ExecutionContext,System.Threading.ContextCallback,object,bool)
System.Threading.ExecutionContext:Run (System.Threading.ExecutionContext,System.Threading.ContextCallback,object,bool)
System.Runtime.CompilerServices.AsyncMethodBuilderCore/MoveNextRunner:Run ()
System.Threading.Tasks.AwaitTaskContinuation:InvokeAction (object)
System.Threading.Tasks.AwaitTaskContinuation:RunCallback (System.Threading.ContextCallback,object,System.Threading.Tasks.Task&)
System.Threading.Tasks.SynchronizationContextAwaitTaskContinuation:Run (System.Threading.Tasks.Task,bool)
System.Threading.Tasks.Task:FinishContinuations ()
System.Threading.Tasks.Task:FinishStageThree ()
System.Threading.Tasks.Task`1<bool>:TrySetResult (bool)
System.Threading.Tasks.TaskCompletionSource`1<bool>:TrySetResult (bool)
WakaTime.Plugin/<>c__DisplayClass29_0:<SendHeartbeat>b__0 (UnityEngine.AsyncOperation) (at ./Library/PackageCache/com.daniel-geo.unityhackatime@5ac210a9a287/Editor/Plugin.cs:176)
UnityEngine.AsyncOperation:InvokeCompletionEvent ()

(Filename: ./Library/PackageCache/com.daniel-geo.unityhackatime@5ac210a9a287/Editor/Plugin.cs Line: 187)

<HackaTime> Sent heartbeat!
UnityEngine.Debug:ExtractStackTraceNoAlloc (byte*,int,string)
UnityEngine.StackTraceUtility:ExtractStackTrace ()
UnityEngine.DebugLogHandler:Internal_Log (UnityEngine.LogType,UnityEngine.LogOption,string,UnityEngine.Object)
UnityEngine.DebugLogHandler:LogFormat (UnityEngine.LogType,UnityEngine.Object,string,object[])
UnityEngine.Logger:Log (UnityEngine.LogType,object)
UnityEngine.Debug:Log (object)
WakaTime.Plugin/<SendHeartbeat>d__29:MoveNext () (at ./Library/PackageCache/com.daniel-geo.unityhackatime@5ac210a9a287/Editor/Plugin.cs:203)
System.Runtime.CompilerServices.AsyncMethodBuilderCore/MoveNextRunner:InvokeMoveNext (object)
System.Threading.ExecutionContext:RunInternal (System.Threading.ExecutionContext,System.Threading.ContextCallback,object,bool)
System.Threading.ExecutionContext:Run (System.Threading.ExecutionContext,System.Threading.ContextCallback,object,bool)
System.Runtime.CompilerServices.AsyncMethodBuilderCore/MoveNextRunner:Run ()
System.Threading.Tasks.AwaitTaskContinuation:InvokeAction (object)
System.Threading.Tasks.AwaitTaskContinuation:RunCallback (System.Threading.ContextCallback,object,System.Threading.Tasks.Task&)
System.Threading.Tasks.SynchronizationContextAwaitTaskContinuation:Run (System.Threading.Tasks.Task,bool)
System.Threading.Tasks.Task:FinishContinuations ()
System.Threading.Tasks.Task:FinishStageThree ()
System.Threading.Tasks.Task`1<bool>:TrySetResult (bool)
System.Threading.Tasks.TaskCompletionSource`1<bool>:TrySetResult (bool)
WakaTime.Plugin/<>c__DisplayClass29_0:<SendHeartbeat>b__0 (UnityEngine.AsyncOperation) (at ./Library/PackageCache/com.daniel-geo.unityhackatime@5ac210a9a287/Editor/Plugin.cs:176)
UnityEngine.AsyncOperation:InvokeCompletionEvent ()

(Filename: ./Library/PackageCache/com.daniel-geo.unityhackatime@5ac210a9a287/Editor/Plugin.cs Line: 203)

Unloading 6876 unused Assets / (4.2 MB). Loaded Objects now: 7741.
Memory consumption went from 161.8 MB to 157.5 MB.
Total: 7.837200 ms (FindLiveObjects: 0.570400 ms CreateObjectMapping: 0.367100 ms MarkObjects: 4.816600 ms  DeleteObjects: 2.080900 ms)

Prepare: number of updated asset objects reloaded= 0
========================================================================
Received Prepare
Begin MonoManager ReloadAssembly
[Licensing::Client] Successfully resolved entitlement details
- Loaded All Assemblies, in  1.166 seconds
Refreshing native plugins compatible for Editor in 1.42 ms, found 4 plugins.
Native extension for WindowsStandalone target not found
Native extension for WebGL target not found
[Package Manager] Failed to launch server process. Reason: Unity was launched with the -noUpm command-line argument
[Package Manager] Unable to send message (not connected to server process).
[Package Manager] Cannot connect to Unity Package Manager local server
<HackaTime> Initializing...
UnityEngine.Debug:ExtractStackTraceNoAlloc (byte*,int,string)
UnityEngine.StackTraceUtility:ExtractStackTrace ()
UnityEngine.DebugLogHandler:Internal_Log (UnityEngine.LogType,UnityEngine.LogOption,string,UnityEngine.Object)
UnityEngine.DebugLogHandler:LogFormat (UnityEngine.LogType,UnityEngine.Object,string,object[])
UnityEngine.Logger:Log (UnityEngine.LogType,object)
UnityEngine.Debug:Log (object)
WakaTime.Plugin:Initialize () (at ./Library/PackageCache/com.daniel-geo.unityhackatime@5ac210a9a287/Editor/Plugin.cs:76)
WakaTime.Plugin:.cctor () (at ./Library/PackageCache/com.daniel-geo.unityhackatime@5ac210a9a287/Editor/Plugin.cs:41)
System.Runtime.CompilerServices.RuntimeHelpers:RunClassConstructor (System.RuntimeTypeHandle)
UnityEditor.EditorAssemblies:ProcessInitializeOnLoadAttributes (System.Type[])

(Filename: ./Library/PackageCache/com.daniel-geo.unityhackatime@5ac210a9a287/Editor/Plugin.cs Line: 76)

<HackaTime> Sending heartbeat...
UnityEngine.Debug:ExtractStackTraceNoAlloc (byte*,int,string)
UnityEngine.StackTraceUtility:ExtractStackTrace ()
UnityEngine.DebugLogHandler:Internal_Log (UnityEngine.LogType,UnityEngine.LogOption,string,UnityEngine.Object)
UnityEngine.DebugLogHandler:LogFormat (UnityEngine.LogType,UnityEngine.Object,string,object[])
UnityEngine.Logger:Log (UnityEngine.LogType,object)
UnityEngine.Debug:Log (object)
WakaTime.Plugin/<SendHeartbeat>d__29:MoveNext () (at ./Library/PackageCache/com.daniel-geo.unityhackatime@5ac210a9a287/Editor/Plugin.cs:144)
System.Runtime.CompilerServices.AsyncVoidMethodBuilder:Start<WakaTime.Plugin/<SendHeartbeat>d__29> (WakaTime.Plugin/<SendHeartbeat>d__29&)
WakaTime.Plugin:SendHeartbeat (bool)
WakaTime.Plugin:Initialize () (at ./Library/PackageCache/com.daniel-geo.unityhackatime@5ac210a9a287/Editor/Plugin.cs:78)
WakaTime.Plugin:.cctor () (at ./Library/PackageCache/com.daniel-geo.unityhackatime@5ac210a9a287/Editor/Plugin.cs:41)
System.Runtime.CompilerServices.RuntimeHelpers:RunClassConstructor (System.RuntimeTypeHandle)
UnityEditor.EditorAssemblies:ProcessInitializeOnLoadAttributes (System.Type[])

(Filename: ./Library/PackageCache/com.daniel-geo.unityhackatime@5ac210a9a287/Editor/Plugin.cs Line: 144)

Mono: successfully reloaded assembly
- Finished resetting the current domain, in  1.437 seconds
Domain Reload Profiling: 2592ms
	BeginReloadAssembly (319ms)
		ExecutionOrderSort (0ms)
		DisableScriptedObjects (13ms)
		BackupInstance (0ms)
		ReleaseScriptingObjects (0ms)
		CreateAndSetChildDomain (69ms)
	RebuildCommonClasses (51ms)
	RebuildNativeTypeToScriptingClass (21ms)
	initialDomainReloadingComplete (49ms)
	LoadAllAssembliesAndSetupDomain (714ms)
		LoadAssemblies (588ms)
		RebuildTransferFunctionScriptingTraits (0ms)
		AnalyzeDomain (272ms)
			TypeCache.Refresh (13ms)
				TypeCache.ScanAssembly (0ms)
			BuildScriptInfoCaches (232ms)
			ResolveRequiredComponents (19ms)
	FinalizeReload (1437ms)
		ReleaseScriptCaches (0ms)
		RebuildScriptCaches (0ms)
		SetupLoadedEditorAssemblies (1179ms)
			LogAssemblyErrors (0ms)
			InitializePlatformSupportModulesInManaged (4ms)
			SetLoadedEditorAssemblies (8ms)
			BeforeProcessingInitializeOnLoad (217ms)
			ProcessInitializeOnLoadAttributes (777ms)
			ProcessInitializeOnLoadMethodAttributes (152ms)
			AfterProcessingInitializeOnLoad (21ms)
			EditorAssembliesLoaded (1ms)
		ExecutionOrderSort2 (0ms)
		AwakeInstancesAfterBackupRestoration (37ms)
Refreshing native plugins compatible for Editor in 4.71 ms, found 4 plugins.
Preloading 0 native plugins for Editor in 0.00 ms.
Unloading 16 Unused Serialized files (Serialized files now loaded: 0)
<HackaTime> Got response
{"id":1653590295,"user_id":7870,"branch":"main","category":"coding","dependencies":[],"editor":"","entity":"Unsaved Scene","language":"unity","machine":null,"operating_system":"","project":"magicExplorer","type":"file","user_agent":"unity-hackatime","line_additions":null,"line_deletions":null,"lineno":null,"lines":null,"cursorpos":null,"project_root_count":null,"time":1771757184.0,"is_write":false,"created_at":"2026-02-22T10:47:11.974Z","updated_at":"2026-02-22T10:47:11.976Z","fields_hash":"4ef95a8f4e4e89b7e28947e8907aee43","source_type":"direct_entry","ip_address":"2.34.183.101","ysws_program":"nothing","deleted_at":null,"raw_data":null,"raw_heartbeat_upload_id":199414075}
UnityEngine.Debug:ExtractStackTraceNoAlloc (byte*,int,string)
UnityEngine.StackTraceUtility:ExtractStackTrace ()
UnityEngine.DebugLogHandler:Internal_Log (UnityEngine.LogType,UnityEngine.LogOption,string,UnityEngine.Object)
UnityEngine.DebugLogHandler:LogFormat (UnityEngine.LogType,UnityEngine.Object,string,object[])
UnityEngine.Logger:Log (UnityEngine.LogType,object)
UnityEngine.Debug:Log (object)
WakaTime.Plugin/<SendHeartbeat>d__29:MoveNext () (at ./Library/PackageCache/com.daniel-geo.unityhackatime@5ac210a9a287/Editor/Plugin.cs:187)
System.Runtime.CompilerServices.AsyncMethodBuilderCore/MoveNextRunner:InvokeMoveNext (object)
System.Threading.ExecutionContext:RunInternal (System.Threading.ExecutionContext,System.Threading.ContextCallback,object,bool)
System.Threading.ExecutionContext:Run (System.Threading.ExecutionContext,System.Threading.ContextCallback,object,bool)
System.Runtime.CompilerServices.AsyncMethodBuilderCore/MoveNextRunner:Run ()
System.Threading.Tasks.AwaitTaskContinuation:InvokeAction (object)
System.Threading.Tasks.AwaitTaskContinuation:RunCallback (System.Threading.ContextCallback,object,System.Threading.Tasks.Task&)
System.Threading.Tasks.SynchronizationContextAwaitTaskContinuation:Run (System.Threading.Tasks.Task,bool)
System.Threading.Tasks.Task:FinishContinuations ()
System.Threading.Tasks.Task:FinishStageThree ()
System.Threading.Tasks.Task`1<bool>:TrySetResult (bool)
System.Threading.Tasks.TaskCompletionSource`1<bool>:TrySetResult (bool)
WakaTime.Plugin/<>c__DisplayClass29_0:<SendHeartbeat>b__0 (UnityEngine.AsyncOperation) (at ./Library/PackageCache/com.daniel-geo.unityhackatime@5ac210a9a287/Editor/Plugin.cs:176)
UnityEngine.AsyncOperation:InvokeCompletionEvent ()

(Filename: ./Library/PackageCache/com.daniel-geo.unityhackatime@5ac210a9a287/Editor/Plugin.cs Line: 187)

<HackaTime> Sent heartbeat!
UnityEngine.Debug:ExtractStackTraceNoAlloc (byte*,int,string)
UnityEngine.StackTraceUtility:ExtractStackTrace ()
UnityEngine.DebugLogHandler:Internal_Log (UnityEngine.LogType,UnityEngine.LogOption,string,UnityEngine.Object)
UnityEngine.DebugLogHandler:LogFormat (UnityEngine.LogType,UnityEngine.Object,string,object[])
UnityEngine.Logger:Log (UnityEngine.LogType,object)
UnityEngine.Debug:Log (object)
WakaTime.Plugin/<SendHeartbeat>d__29:MoveNext () (at ./Library/PackageCache/com.daniel-geo.unityhackatime@5ac210a9a287/Editor/Plugin.cs:203)
System.Runtime.CompilerServices.AsyncMethodBuilderCore/MoveNextRunner:InvokeMoveNext (object)
System.Threading.ExecutionContext:RunInternal (System.Threading.ExecutionContext,System.Threading.ContextCallback,object,bool)
System.Threading.ExecutionContext:Run (System.Threading.ExecutionContext,System.Threading.ContextCallback,object,bool)
System.Runtime.CompilerServices.AsyncMethodBuilderCore/MoveNextRunner:Run ()
System.Threading.Tasks.AwaitTaskContinuation:InvokeAction (object)
System.Threading.Tasks.AwaitTaskContinuation:RunCallback (System.Threading.ContextCallback,object,System.Threading.Tasks.Task&)
System.Threading.Tasks.SynchronizationContextAwaitTaskContinuation:Run (System.Threading.Tasks.Task,bool)
System.Threading.Tasks.Task:FinishContinuations ()
System.Threading.Tasks.Task:FinishStageThree ()
System.Threading.Tasks.Task`1<bool>:TrySetResult (bool)
System.Threading.Tasks.TaskCompletionSource`1<bool>:TrySetResult (bool)
WakaTime.Plugin/<>c__DisplayClass29_0:<SendHeartbeat>b__0 (UnityEngine.AsyncOperation) (at ./Library/PackageCache/com.daniel-geo.unityhackatime@5ac210a9a287/Editor/Plugin.cs:176)
UnityEngine.AsyncOperation:InvokeCompletionEvent ()

(Filename: ./Library/PackageCache/com.daniel-geo.unityhackatime@5ac210a9a287/Editor/Plugin.cs Line: 203)

Unloading 6876 unused Assets / (4.0 MB). Loaded Objects now: 7744.
Memory consumption went from 161.8 MB to 157.8 MB.
Total: 16.677600 ms (FindLiveObjects: 1.418200 ms CreateObjectMapping: 0.987000 ms MarkObjects: 11.766200 ms  DeleteObjects: 2.504200 ms)

Prepare: number of updated asset objects reloaded= 1
========================================================================
Received Prepare
Begin MonoManager ReloadAssembly
- Loaded All Assemblies, in  0.788 seconds
Refreshing native plugins compatible for Editor in 1.28 ms, found 4 plugins.
Native extension for WindowsStandalone target not found
Native extension for WebGL target not found
[Package Manager] Failed to launch server process. Reason: Unity was launched with the -noUpm command-line argument
[Package Manager] Unable to send message (not connected to server process).
[Package Manager] Cannot connect to Unity Package Manager local server
<HackaTime> Initializing...
UnityEngine.Debug:ExtractStackTraceNoAlloc (byte*,int,string)
UnityEngine.StackTraceUtility:ExtractStackTrace ()
UnityEngine.DebugLogHandler:Internal_Log (UnityEngine.LogType,UnityEngine.LogOption,string,UnityEngine.Object)
UnityEngine.DebugLogHandler:LogFormat (UnityEngine.LogType,UnityEngine.Object,string,object[])
UnityEngine.Logger:Log (UnityEngine.LogType,object)
UnityEngine.Debug:Log (object)
WakaTime.Plugin:Initialize () (at ./Library/PackageCache/com.daniel-geo.unityhackatime@5ac210a9a287/Editor/Plugin.cs:76)
WakaTime.Plugin:.cctor () (at ./Library/PackageCache/com.daniel-geo.unityhackatime@5ac210a9a287/Editor/Plugin.cs:41)
System.Runtime.CompilerServices.RuntimeHelpers:RunClassConstructor (System.RuntimeTypeHandle)
UnityEditor.EditorAssemblies:ProcessInitializeOnLoadAttributes (System.Type[])

(Filename: ./Library/PackageCache/com.daniel-geo.unityhackatime@5ac210a9a287/Editor/Plugin.cs Line: 76)

<HackaTime> Sending heartbeat...
UnityEngine.Debug:ExtractStackTraceNoAlloc (byte*,int,string)
UnityEngine.StackTraceUtility:ExtractStackTrace ()
UnityEngine.DebugLogHandler:Internal_Log (UnityEngine.LogType,UnityEngine.LogOption,string,UnityEngine.Object)
UnityEngine.DebugLogHandler:LogFormat (UnityEngine.LogType,UnityEngine.Object,string,object[])
UnityEngine.Logger:Log (UnityEngine.LogType,object)
UnityEngine.Debug:Log (object)
WakaTime.Plugin/<SendHeartbeat>d__29:MoveNext () (at ./Library/PackageCache/com.daniel-geo.unityhackatime@5ac210a9a287/Editor/Plugin.cs:144)
System.Runtime.CompilerServices.AsyncVoidMethodBuilder:Start<WakaTime.Plugin/<SendHeartbeat>d__29> (WakaTime.Plugin/<SendHeartbeat>d__29&)
WakaTime.Plugin:SendHeartbeat (bool)
WakaTime.Plugin:Initialize () (at ./Library/PackageCache/com.daniel-geo.unityhackatime@5ac210a9a287/Editor/Plugin.cs:78)
WakaTime.Plugin:.cctor () (at ./Library/PackageCache/com.daniel-geo.unityhackatime@5ac210a9a287/Editor/Plugin.cs:41)
System.Runtime.CompilerServices.RuntimeHelpers:RunClassConstructor (System.RuntimeTypeHandle)
UnityEditor.EditorAssemblies:ProcessInitializeOnLoadAttributes (System.Type[])

(Filename: ./Library/PackageCache/com.daniel-geo.unityhackatime@5ac210a9a287/Editor/Plugin.cs Line: 144)

Mono: successfully reloaded assembly
- Finished resetting the current domain, in  0.952 seconds
Domain Reload Profiling: 1739ms
	BeginReloadAssembly (215ms)
		ExecutionOrderSort (0ms)
		DisableScriptedObjects (13ms)
		BackupInstance (0ms)
		ReleaseScriptingObjects (0ms)
		CreateAndSetChildDomain (51ms)
	RebuildCommonClasses (34ms)
	RebuildNativeTypeToScriptingClass (14ms)
	initialDomainReloadingComplete (28ms)
	LoadAllAssembliesAndSetupDomain (496ms)
		LoadAssemblies (372ms)
		RebuildTransferFunctionScriptingTraits (0ms)
		AnalyzeDomain (215ms)
			TypeCache.Refresh (10ms)
				TypeCache.ScanAssembly (0ms)
			BuildScriptInfoCaches (190ms)
			ResolveRequiredComponents (10ms)
	FinalizeReload (953ms)
		ReleaseScriptCaches (0ms)
		RebuildScriptCaches (0ms)
		SetupLoadedEditorAssemblies (774ms)
			LogAssemblyErrors (0ms)
			InitializePlatformSupportModulesInManaged (2ms)
			SetLoadedEditorAssemblies (6ms)
			BeforeProcessingInitializeOnLoad (175ms)
			ProcessInitializeOnLoadAttributes (462ms)
			ProcessInitializeOnLoadMethodAttributes (116ms)
			AfterProcessingInitializeOnLoad (12ms)
			EditorAssembliesLoaded (0ms)
		ExecutionOrderSort2 (0ms)
		AwakeInstancesAfterBackupRestoration (25ms)
Refreshing native plugins compatible for Editor in 3.07 ms, found 4 plugins.
Preloading 0 native plugins for Editor in 0.00 ms.
Unloading 16 Unused Serialized files (Serialized files now loaded: 0)
<HackaTime> Got response
{"id":1653591183,"user_id":7870,"branch":"main","category":"coding","dependencies":[],"editor":"","entity":"Unsaved Scene","language":"unity","machine":null,"operating_system":"","project":"magicExplorer","type":"file","user_agent":"unity-hackatime","line_additions":null,"line_deletions":null,"lineno":null,"lines":null,"cursorpos":null,"project_root_count":null,"time":1771757312.0,"is_write":false,"created_at":"2026-02-22T10:47:55.527Z","updated_at":"2026-02-22T10:47:55.528Z","fields_hash":"4fa16f500b433ad29ea5b53f6679b52a","source_type":"direct_entry","ip_address":"2.34.183.101","ysws_program":"nothing","deleted_at":null,"raw_data":null,"raw_heartbeat_upload_id":199414379}
UnityEngine.Debug:ExtractStackTraceNoAlloc (byte*,int,string)
UnityEngine.StackTraceUtility:ExtractStackTrace ()
UnityEngine.DebugLogHandler:Internal_Log (UnityEngine.LogType,UnityEngine.LogOption,string,UnityEngine.Object)
UnityEngine.DebugLogHandler:LogFormat (UnityEngine.LogType,UnityEngine.Object,string,object[])
UnityEngine.Logger:Log (UnityEngine.LogType,object)
UnityEngine.Debug:Log (object)
WakaTime.Plugin/<SendHeartbeat>d__29:MoveNext () (at ./Library/PackageCache/com.daniel-geo.unityhackatime@5ac210a9a287/Editor/Plugin.cs:187)
System.Runtime.CompilerServices.AsyncMethodBuilderCore/MoveNextRunner:InvokeMoveNext (object)
System.Threading.ExecutionContext:RunInternal (System.Threading.ExecutionContext,System.Threading.ContextCallback,object,bool)
System.Threading.ExecutionContext:Run (System.Threading.ExecutionContext,System.Threading.ContextCallback,object,bool)
System.Runtime.CompilerServices.AsyncMethodBuilderCore/MoveNextRunner:Run ()
System.Threading.Tasks.AwaitTaskContinuation:InvokeAction (object)
System.Threading.Tasks.AwaitTaskContinuation:RunCallback (System.Threading.ContextCallback,object,System.Threading.Tasks.Task&)
System.Threading.Tasks.SynchronizationContextAwaitTaskContinuation:Run (System.Threading.Tasks.Task,bool)
System.Threading.Tasks.Task:FinishContinuations ()
System.Threading.Tasks.Task:FinishStageThree ()
System.Threading.Tasks.Task`1<bool>:TrySetResult (bool)
System.Threading.Tasks.TaskCompletionSource`1<bool>:TrySetResult (bool)
WakaTime.Plugin/<>c__DisplayClass29_0:<SendHeartbeat>b__0 (UnityEngine.AsyncOperation) (at ./Library/PackageCache/com.daniel-geo.unityhackatime@5ac210a9a287/Editor/Plugin.cs:176)
UnityEngine.AsyncOperation:InvokeCompletionEvent ()

(Filename: ./Library/PackageCache/com.daniel-geo.unityhackatime@5ac210a9a287/Editor/Plugin.cs Line: 187)

<HackaTime> Sent heartbeat!
UnityEngine.Debug:ExtractStackTraceNoAlloc (byte*,int,string)
UnityEngine.StackTraceUtility:ExtractStackTrace ()
UnityEngine.DebugLogHandler:Internal_Log (UnityEngine.LogType,UnityEngine.LogOption,string,UnityEngine.Object)
UnityEngine.DebugLogHandler:LogFormat (UnityEngine.LogType,UnityEngine.Object,string,object[])
UnityEngine.Logger:Log (UnityEngine.LogType,object)
UnityEngine.Debug:Log (object)
WakaTime.Plugin/<SendHeartbeat>d__29:MoveNext () (at ./Library/PackageCache/com.daniel-geo.unityhackatime@5ac210a9a287/Editor/Plugin.cs:203)
System.Runtime.CompilerServices.AsyncMethodBuilderCore/MoveNextRunner:InvokeMoveNext (object)
System.Threading.ExecutionContext:RunInternal (System.Threading.ExecutionContext,System.Threading.ContextCallback,object,bool)
System.Threading.ExecutionContext:Run (System.Threading.ExecutionContext,System.Threading.ContextCallback,object,bool)
System.Runtime.CompilerServices.AsyncMethodBuilderCore/MoveNextRunner:Run ()
System.Threading.Tasks.AwaitTaskContinuation:InvokeAction (object)
System.Threading.Tasks.AwaitTaskContinuation:RunCallback (System.Threading.ContextCallback,object,System.Threading.Tasks.Task&)
System.Threading.Tasks.SynchronizationContextAwaitTaskContinuation:Run (System.Threading.Tasks.Task,bool)
System.Threading.Tasks.Task:FinishContinuations ()
System.Threading.Tasks.Task:FinishStageThree ()
System.Threading.Tasks.Task`1<bool>:TrySetResult (bool)
System.Threading.Tasks.TaskCompletionSource`1<bool>:TrySetResult (bool)
WakaTime.Plugin/<>c__DisplayClass29_0:<SendHeartbeat>b__0 (UnityEngine.AsyncOperation) (at ./Library/PackageCache/com.daniel-geo.unityhackatime@5ac210a9a287/Editor/Plugin.cs:176)
UnityEngine.AsyncOperation:InvokeCompletionEvent ()

(Filename: ./Library/PackageCache/com.daniel-geo.unityhackatime@5ac210a9a287/Editor/Plugin.cs Line: 203)

Unloading 6876 unused Assets / (4.3 MB). Loaded Objects now: 7747.
Memory consumption went from 161.9 MB to 157.5 MB.
Total: 11.327400 ms (FindLiveObjects: 0.733600 ms CreateObjectMapping: 0.496000 ms MarkObjects: 7.207100 ms  DeleteObjects: 2.888100 ms)

Prepare: number of updated asset objects reloaded= 0
========================================================================
Received Prepare
Begin MonoManager ReloadAssembly
- Loaded All Assemblies, in  0.762 seconds
Refreshing native plugins compatible for Editor in 1.25 ms, found 4 plugins.
Native extension for WindowsStandalone target not found
Native extension for WebGL target not found
[Package Manager] Failed to launch server process. Reason: Unity was launched with the -noUpm command-line argument
[Package Manager] Unable to send message (not connected to server process).
[Package Manager] Cannot connect to Unity Package Manager local server
<HackaTime> Initializing...
UnityEngine.Debug:ExtractStackTraceNoAlloc (byte*,int,string)
UnityEngine.StackTraceUtility:ExtractStackTrace ()
UnityEngine.DebugLogHandler:Internal_Log (UnityEngine.LogType,UnityEngine.LogOption,string,UnityEngine.Object)
UnityEngine.DebugLogHandler:LogFormat (UnityEngine.LogType,UnityEngine.Object,string,object[])
UnityEngine.Logger:Log (UnityEngine.LogType,object)
UnityEngine.Debug:Log (object)
WakaTime.Plugin:Initialize () (at ./Library/PackageCache/com.daniel-geo.unityhackatime@5ac210a9a287/Editor/Plugin.cs:76)
WakaTime.Plugin:.cctor () (at ./Library/PackageCache/com.daniel-geo.unityhackatime@5ac210a9a287/Editor/Plugin.cs:41)
System.Runtime.CompilerServices.RuntimeHelpers:RunClassConstructor (System.RuntimeTypeHandle)
UnityEditor.EditorAssemblies:ProcessInitializeOnLoadAttributes (System.Type[])

(Filename: ./Library/PackageCache/com.daniel-geo.unityhackatime@5ac210a9a287/Editor/Plugin.cs Line: 76)

<HackaTime> Sending heartbeat...
UnityEngine.Debug:ExtractStackTraceNoAlloc (byte*,int,string)
UnityEngine.StackTraceUtility:ExtractStackTrace ()
UnityEngine.DebugLogHandler:Internal_Log (UnityEngine.LogType,UnityEngine.LogOption,string,UnityEngine.Object)
UnityEngine.DebugLogHandler:LogFormat (UnityEngine.LogType,UnityEngine.Object,string,object[])
UnityEngine.Logger:Log (UnityEngine.LogType,object)
UnityEngine.Debug:Log (object)
WakaTime.Plugin/<SendHeartbeat>d__29:MoveNext () (at ./Library/PackageCache/com.daniel-geo.unityhackatime@5ac210a9a287/Editor/Plugin.cs:144)
System.Runtime.CompilerServices.AsyncVoidMethodBuilder:Start<WakaTime.Plugin/<SendHeartbeat>d__29> (WakaTime.Plugin/<SendHeartbeat>d__29&)
WakaTime.Plugin:SendHeartbeat (bool)
WakaTime.Plugin:Initialize () (at ./Library/PackageCache/com.daniel-geo.unityhackatime@5ac210a9a287/Editor/Plugin.cs:78)
WakaTime.Plugin:.cctor () (at ./Library/PackageCache/com.daniel-geo.unityhackatime@5ac210a9a287/Editor/Plugin.cs:41)
System.Runtime.CompilerServices.RuntimeHelpers:RunClassConstructor (System.RuntimeTypeHandle)
UnityEditor.EditorAssemblies:ProcessInitializeOnLoadAttributes (System.Type[])

(Filename: ./Library/PackageCache/com.daniel-geo.unityhackatime@5ac210a9a287/Editor/Plugin.cs Line: 144)

Mono: successfully reloaded assembly
- Finished resetting the current domain, in  0.802 seconds
Domain Reload Profiling: 1562ms
	BeginReloadAssembly (212ms)
		ExecutionOrderSort (0ms)
		DisableScriptedObjects (14ms)
		BackupInstance (0ms)
		ReleaseScriptingObjects (0ms)
		CreateAndSetChildDomain (49ms)
	RebuildCommonClasses (34ms)
	RebuildNativeTypeToScriptingClass (13ms)
	initialDomainReloadingComplete (29ms)
	LoadAllAssembliesAndSetupDomain (471ms)
		LoadAssemblies (354ms)
		RebuildTransferFunctionScriptingTraits (0ms)
		AnalyzeDomain (206ms)
			TypeCache.Refresh (7ms)
				TypeCache.ScanAssembly (0ms)
			BuildScriptInfoCaches (183ms)
			ResolveRequiredComponents (12ms)
	FinalizeReload (802ms)
		ReleaseScriptCaches (0ms)
		RebuildScriptCaches (0ms)
		SetupLoadedEditorAssemblies (623ms)
			LogAssemblyErrors (0ms)
			InitializePlatformSupportModulesInManaged (2ms)
			SetLoadedEditorAssemblies (6ms)
			BeforeProcessingInitializeOnLoad (165ms)
			ProcessInitializeOnLoadAttributes (369ms)
			ProcessInitializeOnLoadMethodAttributes (73ms)
			AfterProcessingInitializeOnLoad (7ms)
			EditorAssembliesLoaded (0ms)
		ExecutionOrderSort2 (0ms)
		AwakeInstancesAfterBackupRestoration (13ms)
Refreshing native plugins compatible for Editor in 1.77 ms, found 4 plugins.
Preloading 0 native plugins for Editor in 0.00 ms.
Unloading 16 Unused Serialized files (Serialized files now loaded: 0)
<HackaTime> Got response
{"id":1653591183,"user_id":7870,"branch":"main","category":"coding","dependencies":[],"editor":"","entity":"Unsaved Scene","language":"unity","machine":null,"operating_system":"","project":"magicExplorer","type":"file","user_agent":"unity-hackatime","line_additions":null,"line_deletions":null,"lineno":null,"lines":null,"cursorpos":null,"project_root_count":null,"time":1771757312.0,"is_write":false,"created_at":"2026-02-22T10:47:55.527Z","updated_at":"2026-02-22T10:47:55.528Z","fields_hash":"4fa16f500b433ad29ea5b53f6679b52a","source_type":"direct_entry","ip_address":"2.34.183.101","ysws_program":"nothing","deleted_at":null,"raw_data":null,"raw_heartbeat_upload_id":199414379}
UnityEngine.Debug:ExtractStackTraceNoAlloc (byte*,int,string)
UnityEngine.StackTraceUtility:ExtractStackTrace ()
UnityEngine.DebugLogHandler:Internal_Log (UnityEngine.LogType,UnityEngine.LogOption,string,UnityEngine.Object)
UnityEngine.DebugLogHandler:LogFormat (UnityEngine.LogType,UnityEngine.Object,string,object[])
UnityEngine.Logger:Log (UnityEngine.LogType,object)
UnityEngine.Debug:Log (object)
WakaTime.Plugin/<SendHeartbeat>d__29:MoveNext () (at ./Library/PackageCache/com.daniel-geo.unityhackatime@5ac210a9a287/Editor/Plugin.cs:187)
System.Runtime.CompilerServices.AsyncMethodBuilderCore/MoveNextRunner:InvokeMoveNext (object)
System.Threading.ExecutionContext:RunInternal (System.Threading.ExecutionContext,System.Threading.ContextCallback,object,bool)
System.Threading.ExecutionContext:Run (System.Threading.ExecutionContext,System.Threading.ContextCallback,object,bool)
System.Runtime.CompilerServices.AsyncMethodBuilderCore/MoveNextRunner:Run ()
System.Threading.Tasks.AwaitTaskContinuation:InvokeAction (object)
System.Threading.Tasks.AwaitTaskContinuation:RunCallback (System.Threading.ContextCallback,object,System.Threading.Tasks.Task&)
System.Threading.Tasks.SynchronizationContextAwaitTaskContinuation:Run (System.Threading.Tasks.Task,bool)
System.Threading.Tasks.Task:FinishContinuations ()
System.Threading.Tasks.Task:FinishStageThree ()
System.Threading.Tasks.Task`1<bool>:TrySetResult (bool)
System.Threading.Tasks.TaskCompletionSource`1<bool>:TrySetResult (bool)
WakaTime.Plugin/<>c__DisplayClass29_0:<SendHeartbeat>b__0 (UnityEngine.AsyncOperation) (at ./Library/PackageCache/com.daniel-geo.unityhackatime@5ac210a9a287/Editor/Plugin.cs:176)
UnityEngine.AsyncOperation:InvokeCompletionEvent ()

(Filename: ./Library/PackageCache/com.daniel-geo.unityhackatime@5ac210a9a287/Editor/Plugin.cs Line: 187)

<HackaTime> Sent heartbeat!
UnityEngine.Debug:ExtractStackTraceNoAlloc (byte*,int,string)
UnityEngine.StackTraceUtility:ExtractStackTrace ()
UnityEngine.DebugLogHandler:Internal_Log (UnityEngine.LogType,UnityEngine.LogOption,string,UnityEngine.Object)
UnityEngine.DebugLogHandler:LogFormat (UnityEngine.LogType,UnityEngine.Object,string,object[])
UnityEngine.Logger:Log (UnityEngine.LogType,object)
UnityEngine.Debug:Log (object)
WakaTime.Plugin/<SendHeartbeat>d__29:MoveNext () (at ./Library/PackageCache/com.daniel-geo.unityhackatime@5ac210a9a287/Editor/Plugin.cs:203)
System.Runtime.CompilerServices.AsyncMethodBuilderCore/MoveNextRunner:InvokeMoveNext (object)
System.Threading.ExecutionContext:RunInternal (System.Threading.ExecutionContext,System.Threading.ContextCallback,object,bool)
System.Threading.ExecutionContext:Run (System.Threading.ExecutionContext,System.Threading.ContextCallback,object,bool)
System.Runtime.CompilerServices.AsyncMethodBuilderCore/MoveNextRunner:Run ()
System.Threading.Tasks.AwaitTaskContinuation:InvokeAction (object)
System.Threading.Tasks.AwaitTaskContinuation:RunCallback (System.Threading.ContextCallback,object,System.Threading.Tasks.Task&)
System.Threading.Tasks.SynchronizationContextAwaitTaskContinuation:Run (System.Threading.Tasks.Task,bool)
System.Threading.Tasks.Task:FinishContinuations ()
System.Threading.Tasks.Task:FinishStageThree ()
System.Threading.Tasks.Task`1<bool>:TrySetResult (bool)
System.Threading.Tasks.TaskCompletionSource`1<bool>:TrySetResult (bool)
WakaTime.Plugin/<>c__DisplayClass29_0:<SendHeartbeat>b__0 (UnityEngine.AsyncOperation) (at ./Library/PackageCache/com.daniel-geo.unityhackatime@5ac210a9a287/Editor/Plugin.cs:176)
UnityEngine.AsyncOperation:InvokeCompletionEvent ()

(Filename: ./Library/PackageCache/com.daniel-geo.unityhackatime@5ac210a9a287/Editor/Plugin.cs Line: 203)

Unloading 6876 unused Assets / (3.7 MB). Loaded Objects now: 7750.
Memory consumption went from 161.9 MB to 158.2 MB.
Total: 8.840100 ms (FindLiveObjects: 0.580000 ms CreateObjectMapping: 0.476400 ms MarkObjects: 5.671100 ms  DeleteObjects: 2.110800 ms)

Prepare: number of updated asset objects reloaded= 0
========================================================================
Received Prepare
Begin MonoManager ReloadAssembly
[Licensing::Client] Successfully resolved entitlement details
- Loaded All Assemblies, in  0.887 seconds
Refreshing native plugins compatible for Editor in 2.64 ms, found 4 plugins.
Native extension for WindowsStandalone target not found
Native extension for WebGL target not found
[Package Manager] Failed to launch server process. Reason: Unity was launched with the -noUpm command-line argument
[Package Manager] Unable to send message (not connected to server process).
[Package Manager] Cannot connect to Unity Package Manager local server
<HackaTime> Initializing...
UnityEngine.Debug:ExtractStackTraceNoAlloc (byte*,int,string)
UnityEngine.StackTraceUtility:ExtractStackTrace ()
UnityEngine.DebugLogHandler:Internal_Log (UnityEngine.LogType,UnityEngine.LogOption,string,UnityEngine.Object)
UnityEngine.DebugLogHandler:LogFormat (UnityEngine.LogType,UnityEngine.Object,string,object[])
UnityEngine.Logger:Log (UnityEngine.LogType,object)
UnityEngine.Debug:Log (object)
WakaTime.Plugin:Initialize () (at ./Library/PackageCache/com.daniel-geo.unityhackatime@5ac210a9a287/Editor/Plugin.cs:76)
WakaTime.Plugin:.cctor () (at ./Library/PackageCache/com.daniel-geo.unityhackatime@5ac210a9a287/Editor/Plugin.cs:41)
System.Runtime.CompilerServices.RuntimeHelpers:RunClassConstructor (System.RuntimeTypeHandle)
UnityEditor.EditorAssemblies:ProcessInitializeOnLoadAttributes (System.Type[])

(Filename: ./Library/PackageCache/com.daniel-geo.unityhackatime@5ac210a9a287/Editor/Plugin.cs Line: 76)

<HackaTime> Sending heartbeat...
UnityEngine.Debug:ExtractStackTraceNoAlloc (byte*,int,string)
UnityEngine.StackTraceUtility:ExtractStackTrace ()
UnityEngine.DebugLogHandler:Internal_Log (UnityEngine.LogType,UnityEngine.LogOption,string,UnityEngine.Object)
UnityEngine.DebugLogHandler:LogFormat (UnityEngine.LogType,UnityEngine.Object,string,object[])
UnityEngine.Logger:Log (UnityEngine.LogType,object)
UnityEngine.Debug:Log (object)
WakaTime.Plugin/<SendHeartbeat>d__29:MoveNext () (at ./Library/PackageCache/com.daniel-geo.unityhackatime@5ac210a9a287/Editor/Plugin.cs:144)
System.Runtime.CompilerServices.AsyncVoidMethodBuilder:Start<WakaTime.Plugin/<SendHeartbeat>d__29> (WakaTime.Plugin/<SendHeartbeat>d__29&)
WakaTime.Plugin:SendHeartbeat (bool)
WakaTime.Plugin:Initialize () (at ./Library/PackageCache/com.daniel-geo.unityhackatime@5ac210a9a287/Editor/Plugin.cs:78)
WakaTime.Plugin:.cctor () (at ./Library/PackageCache/com.daniel-geo.unityhackatime@5ac210a9a287/Editor/Plugin.cs:41)
System.Runtime.CompilerServices.RuntimeHelpers:RunClassConstructor (System.RuntimeTypeHandle)
UnityEditor.EditorAssemblies:ProcessInitializeOnLoadAttributes (System.Type[])

(Filename: ./Library/PackageCache/com.daniel-geo.unityhackatime@5ac210a9a287/Editor/Plugin.cs Line: 144)

Mono: successfully reloaded assembly
- Finished resetting the current domain, in  0.987 seconds
Domain Reload Profiling: 1874ms
	BeginReloadAssembly (249ms)
		ExecutionOrderSort (0ms)
		DisableScriptedObjects (14ms)
		BackupInstance (0ms)
		ReleaseScriptingObjects (0ms)
		CreateAndSetChildDomain (68ms)
	RebuildCommonClasses (34ms)
	RebuildNativeTypeToScriptingClass (13ms)
	initialDomainReloadingComplete (32ms)
	LoadAllAssembliesAndSetupDomain (558ms)
		LoadAssemblies (428ms)
		RebuildTransferFunctionScriptingTraits (0ms)
		AnalyzeDomain (226ms)
			TypeCache.Refresh (10ms)
				TypeCache.ScanAssembly (0ms)
			BuildScriptInfoCaches (200ms)
			ResolveRequiredComponents (11ms)
	FinalizeReload (988ms)
		ReleaseScriptCaches (0ms)
		RebuildScriptCaches (0ms)
		SetupLoadedEditorAssemblies (783ms)
			LogAssemblyErrors (0ms)
			InitializePlatformSupportModulesInManaged (2ms)
			SetLoadedEditorAssemblies (7ms)
			BeforeProcessingInitializeOnLoad (167ms)
			ProcessInitializeOnLoadAttributes (484ms)
			ProcessInitializeOnLoadMethodAttributes (112ms)
			AfterProcessingInitializeOnLoad (10ms)
			EditorAssembliesLoaded (0ms)
		ExecutionOrderSort2 (0ms)
		AwakeInstancesAfterBackupRestoration (18ms)
Refreshing native plugins compatible for Editor in 1.44 ms, found 4 plugins.
Preloading 0 native plugins for Editor in 0.00 ms.
Unloading 16 Unused Serialized files (Serialized files now loaded: 0)
<HackaTime> Got response
{"id":1653595212,"user_id":7870,"branch":"main","category":"coding","dependencies":[],"editor":"","entity":"Unsaved Scene","language":"unity","machine":null,"operating_system":"","project":"magicExplorer","type":"file","user_agent":"unity-hackatime","line_additions":null,"line_deletions":null,"lineno":null,"lines":null,"cursorpos":null,"project_root_count":null,"time":1771757440.0,"is_write":false,"created_at":"2026-02-22T10:51:25.381Z","updated_at":"2026-02-22T10:51:25.382Z","fields_hash":"b60ddfe6aafdb4fb8408de6f25fd4a78","source_type":"direct_entry","ip_address":"2.34.183.101","ysws_program":"nothing","deleted_at":null,"raw_data":null,"raw_heartbeat_upload_id":199415862}
UnityEngine.Debug:ExtractStackTraceNoAlloc (byte*,int,string)
UnityEngine.StackTraceUtility:ExtractStackTrace ()
UnityEngine.DebugLogHandler:Internal_Log (UnityEngine.LogType,UnityEngine.LogOption,string,UnityEngine.Object)
UnityEngine.DebugLogHandler:LogFormat (UnityEngine.LogType,UnityEngine.Object,string,object[])
UnityEngine.Logger:Log (UnityEngine.LogType,object)
UnityEngine.Debug:Log (object)
WakaTime.Plugin/<SendHeartbeat>d__29:MoveNext () (at ./Library/PackageCache/com.daniel-geo.unityhackatime@5ac210a9a287/Editor/Plugin.cs:187)
System.Runtime.CompilerServices.AsyncMethodBuilderCore/MoveNextRunner:InvokeMoveNext (object)
System.Threading.ExecutionContext:RunInternal (System.Threading.ExecutionContext,System.Threading.ContextCallback,object,bool)
System.Threading.ExecutionContext:Run (System.Threading.ExecutionContext,System.Threading.ContextCallback,object,bool)
System.Runtime.CompilerServices.AsyncMethodBuilderCore/MoveNextRunner:Run ()
System.Threading.Tasks.AwaitTaskContinuation:InvokeAction (object)
System.Threading.Tasks.AwaitTaskContinuation:RunCallback (System.Threading.ContextCallback,object,System.Threading.Tasks.Task&)
System.Threading.Tasks.SynchronizationContextAwaitTaskContinuation:Run (System.Threading.Tasks.Task,bool)
System.Threading.Tasks.Task:FinishContinuations ()
System.Threading.Tasks.Task:FinishStageThree ()
System.Threading.Tasks.Task`1<bool>:TrySetResult (bool)
System.Threading.Tasks.TaskCompletionSource`1<bool>:TrySetResult (bool)
WakaTime.Plugin/<>c__DisplayClass29_0:<SendHeartbeat>b__0 (UnityEngine.AsyncOperation) (at ./Library/PackageCache/com.daniel-geo.unityhackatime@5ac210a9a287/Editor/Plugin.cs:176)
UnityEngine.AsyncOperation:InvokeCompletionEvent ()

(Filename: ./Library/PackageCache/com.daniel-geo.unityhackatime@5ac210a9a287/Editor/Plugin.cs Line: 187)

<HackaTime> Sent heartbeat!
UnityEngine.Debug:ExtractStackTraceNoAlloc (byte*,int,string)
UnityEngine.StackTraceUtility:ExtractStackTrace ()
UnityEngine.DebugLogHandler:Internal_Log (UnityEngine.LogType,UnityEngine.LogOption,string,UnityEngine.Object)
UnityEngine.DebugLogHandler:LogFormat (UnityEngine.LogType,UnityEngine.Object,string,object[])
UnityEngine.Logger:Log (UnityEngine.LogType,object)
UnityEngine.Debug:Log (object)
WakaTime.Plugin/<SendHeartbeat>d__29:MoveNext () (at ./Library/PackageCache/com.daniel-geo.unityhackatime@5ac210a9a287/Editor/Plugin.cs:203)
System.Runtime.CompilerServices.AsyncMethodBuilderCore/MoveNextRunner:InvokeMoveNext (object)
System.Threading.ExecutionContext:RunInternal (System.Threading.ExecutionContext,System.Threading.ContextCallback,object,bool)
System.Threading.ExecutionContext:Run (System.Threading.ExecutionContext,System.Threading.ContextCallback,object,bool)
System.Runtime.CompilerServices.AsyncMethodBuilderCore/MoveNextRunner:Run ()
System.Threading.Tasks.AwaitTaskContinuation:InvokeAction (object)
System.Threading.Tasks.AwaitTaskContinuation:RunCallback (System.Threading.ContextCallback,object,System.Threading.Tasks.Task&)
System.Threading.Tasks.SynchronizationContextAwaitTaskContinuation:Run (System.Threading.Tasks.Task,bool)
System.Threading.Tasks.Task:FinishContinuations ()
System.Threading.Tasks.Task:FinishStageThree ()
System.Threading.Tasks.Task`1<bool>:TrySetResult (bool)
System.Threading.Tasks.TaskCompletionSource`1<bool>:TrySetResult (bool)
WakaTime.Plugin/<>c__DisplayClass29_0:<SendHeartbeat>b__0 (UnityEngine.AsyncOperation) (at ./Library/PackageCache/com.daniel-geo.unityhackatime@5ac210a9a287/Editor/Plugin.cs:176)
UnityEngine.AsyncOperation:InvokeCompletionEvent ()

(Filename: ./Library/PackageCache/com.daniel-geo.unityhackatime@5ac210a9a287/Editor/Plugin.cs Line: 203)

Unloading 6876 unused Assets / (4.4 MB). Loaded Objects now: 7753.
Memory consumption went from 162.0 MB to 157.5 MB.
Total: 7.420000 ms (FindLiveObjects: 0.524300 ms CreateObjectMapping: 0.351300 ms MarkObjects: 4.628100 ms  DeleteObjects: 1.914300 ms)

Prepare: number of updated asset objects reloaded= 0
========================================================================
Received Prepare
Begin MonoManager ReloadAssembly
- Loaded All Assemblies, in  0.749 seconds
Refreshing native plugins compatible for Editor in 1.11 ms, found 4 plugins.
Native extension for WindowsStandalone target not found
Native extension for WebGL target not found
[Package Manager] Failed to launch server process. Reason: Unity was launched with the -noUpm command-line argument
[Package Manager] Unable to send message (not connected to server process).
[Package Manager] Cannot connect to Unity Package Manager local server
<HackaTime> Initializing...
UnityEngine.Debug:ExtractStackTraceNoAlloc (byte*,int,string)
UnityEngine.StackTraceUtility:ExtractStackTrace ()
UnityEngine.DebugLogHandler:Internal_Log (UnityEngine.LogType,UnityEngine.LogOption,string,UnityEngine.Object)
UnityEngine.DebugLogHandler:LogFormat (UnityEngine.LogType,UnityEngine.Object,string,object[])
UnityEngine.Logger:Log (UnityEngine.LogType,object)
UnityEngine.Debug:Log (object)
WakaTime.Plugin:Initialize () (at ./Library/PackageCache/com.daniel-geo.unityhackatime@5ac210a9a287/Editor/Plugin.cs:76)
WakaTime.Plugin:.cctor () (at ./Library/PackageCache/com.daniel-geo.unityhackatime@5ac210a9a287/Editor/Plugin.cs:41)
System.Runtime.CompilerServices.RuntimeHelpers:RunClassConstructor (System.RuntimeTypeHandle)
UnityEditor.EditorAssemblies:ProcessInitializeOnLoadAttributes (System.Type[])

(Filename: ./Library/PackageCache/com.daniel-geo.unityhackatime@5ac210a9a287/Editor/Plugin.cs Line: 76)

<HackaTime> Sending heartbeat...
UnityEngine.Debug:ExtractStackTraceNoAlloc (byte*,int,string)
UnityEngine.StackTraceUtility:ExtractStackTrace ()
UnityEngine.DebugLogHandler:Internal_Log (UnityEngine.LogType,UnityEngine.LogOption,string,UnityEngine.Object)
UnityEngine.DebugLogHandler:LogFormat (UnityEngine.LogType,UnityEngine.Object,string,object[])
UnityEngine.Logger:Log (UnityEngine.LogType,object)
UnityEngine.Debug:Log (object)
WakaTime.Plugin/<SendHeartbeat>d__29:MoveNext () (at ./Library/PackageCache/com.daniel-geo.unityhackatime@5ac210a9a287/Editor/Plugin.cs:144)
System.Runtime.CompilerServices.AsyncVoidMethodBuilder:Start<WakaTime.Plugin/<SendHeartbeat>d__29> (WakaTime.Plugin/<SendHeartbeat>d__29&)
WakaTime.Plugin:SendHeartbeat (bool)
WakaTime.Plugin:Initialize () (at ./Library/PackageCache/com.daniel-geo.unityhackatime@5ac210a9a287/Editor/Plugin.cs:78)
WakaTime.Plugin:.cctor () (at ./Library/PackageCache/com.daniel-geo.unityhackatime@5ac210a9a287/Editor/Plugin.cs:41)
System.Runtime.CompilerServices.RuntimeHelpers:RunClassConstructor (System.RuntimeTypeHandle)
UnityEditor.EditorAssemblies:ProcessInitializeOnLoadAttributes (System.Type[])

(Filename: ./Library/PackageCache/com.daniel-geo.unityhackatime@5ac210a9a287/Editor/Plugin.cs Line: 144)

Mono: successfully reloaded assembly
- Finished resetting the current domain, in  0.738 seconds
Domain Reload Profiling: 1486ms
	BeginReloadAssembly (210ms)
		ExecutionOrderSort (0ms)
		DisableScriptedObjects (14ms)
		BackupInstance (0ms)
		ReleaseScriptingObjects (0ms)
		CreateAndSetChildDomain (51ms)
	RebuildCommonClasses (35ms)
	RebuildNativeTypeToScriptingClass (13ms)
	initialDomainReloadingComplete (29ms)
	LoadAllAssembliesAndSetupDomain (459ms)
		LoadAssemblies (349ms)
		RebuildTransferFunctionScriptingTraits (0ms)
		AnalyzeDomain (198ms)
			TypeCache.Refresh (9ms)
				TypeCache.ScanAssembly (0ms)
			BuildScriptInfoCaches (174ms)
			ResolveRequiredComponents (11ms)
	FinalizeReload (739ms)
		ReleaseScriptCaches (0ms)
		RebuildScriptCaches (0ms)
		SetupLoadedEditorAssemblies (599ms)
			LogAssemblyErrors (0ms)
			InitializePlatformSupportModulesInManaged (3ms)
			SetLoadedEditorAssemblies (6ms)
			BeforeProcessingInitializeOnLoad (156ms)
			ProcessInitializeOnLoadAttributes (356ms)
			ProcessInitializeOnLoadMethodAttributes (71ms)
			AfterProcessingInitializeOnLoad (7ms)
			EditorAssembliesLoaded (0ms)
		ExecutionOrderSort2 (0ms)
		AwakeInstancesAfterBackupRestoration (13ms)
Refreshing native plugins compatible for Editor in 2.00 ms, found 4 plugins.
Preloading 0 native plugins for Editor in 0.00 ms.
Unloading 16 Unused Serialized files (Serialized files now loaded: 0)
<HackaTime> Got response
{"id":1653595212,"user_id":7870,"branch":"main","category":"coding","dependencies":[],"editor":"","entity":"Unsaved Scene","language":"unity","machine":null,"operating_system":"","project":"magicExplorer","type":"file","user_agent":"unity-hackatime","line_additions":null,"line_deletions":null,"lineno":null,"lines":null,"cursorpos":null,"project_root_count":null,"time":1771757440.0,"is_write":false,"created_at":"2026-02-22T10:51:25.381Z","updated_at":"2026-02-22T10:51:25.382Z","fields_hash":"b60ddfe6aafdb4fb8408de6f25fd4a78","source_type":"direct_entry","ip_address":"2.34.183.101","ysws_program":"nothing","deleted_at":null,"raw_data":null,"raw_heartbeat_upload_id":199415862}
UnityEngine.Debug:ExtractStackTraceNoAlloc (byte*,int,string)
UnityEngine.StackTraceUtility:ExtractStackTrace ()
UnityEngine.DebugLogHandler:Internal_Log (UnityEngine.LogType,UnityEngine.LogOption,string,UnityEngine.Object)
UnityEngine.DebugLogHandler:LogFormat (UnityEngine.LogType,UnityEngine.Object,string,object[])
UnityEngine.Logger:Log (UnityEngine.LogType,object)
UnityEngine.Debug:Log (object)
WakaTime.Plugin/<SendHeartbeat>d__29:MoveNext () (at ./Library/PackageCache/com.daniel-geo.unityhackatime@5ac210a9a287/Editor/Plugin.cs:187)
System.Runtime.CompilerServices.AsyncMethodBuilderCore/MoveNextRunner:InvokeMoveNext (object)
System.Threading.ExecutionContext:RunInternal (System.Threading.ExecutionContext,System.Threading.ContextCallback,object,bool)
System.Threading.ExecutionContext:Run (System.Threading.ExecutionContext,System.Threading.ContextCallback,object,bool)
System.Runtime.CompilerServices.AsyncMethodBuilderCore/MoveNextRunner:Run ()
System.Threading.Tasks.AwaitTaskContinuation:InvokeAction (object)
System.Threading.Tasks.AwaitTaskContinuation:RunCallback (System.Threading.ContextCallback,object,System.Threading.Tasks.Task&)
System.Threading.Tasks.SynchronizationContextAwaitTaskContinuation:Run (System.Threading.Tasks.Task,bool)
System.Threading.Tasks.Task:FinishContinuations ()
System.Threading.Tasks.Task:FinishStageThree ()
System.Threading.Tasks.Task`1<bool>:TrySetResult (bool)
System.Threading.Tasks.TaskCompletionSource`1<bool>:TrySetResult (bool)
WakaTime.Plugin/<>c__DisplayClass29_0:<SendHeartbeat>b__0 (UnityEngine.AsyncOperation) (at ./Library/PackageCache/com.daniel-geo.unityhackatime@5ac210a9a287/Editor/Plugin.cs:176)
UnityEngine.AsyncOperation:InvokeCompletionEvent ()

(Filename: ./Library/PackageCache/com.daniel-geo.unityhackatime@5ac210a9a287/Editor/Plugin.cs Line: 187)

<HackaTime> Sent heartbeat!
UnityEngine.Debug:ExtractStackTraceNoAlloc (byte*,int,string)
UnityEngine.StackTraceUtility:ExtractStackTrace ()
UnityEngine.DebugLogHandler:Internal_Log (UnityEngine.LogType,UnityEngine.LogOption,string,UnityEngine.Object)
UnityEngine.DebugLogHandler:LogFormat (UnityEngine.LogType,UnityEngine.Object,string,object[])
UnityEngine.Logger:Log (UnityEngine.LogType,object)
UnityEngine.Debug:Log (object)
WakaTime.Plugin/<SendHeartbeat>d__29:MoveNext () (at ./Library/PackageCache/com.daniel-geo.unityhackatime@5ac210a9a287/Editor/Plugin.cs:203)
System.Runtime.CompilerServices.AsyncMethodBuilderCore/MoveNextRunner:InvokeMoveNext (object)
System.Threading.ExecutionContext:RunInternal (System.Threading.ExecutionContext,System.Threading.ContextCallback,object,bool)
System.Threading.ExecutionContext:Run (System.Threading.ExecutionContext,System.Threading.ContextCallback,object,bool)
System.Runtime.CompilerServices.AsyncMethodBuilderCore/MoveNextRunner:Run ()
System.Threading.Tasks.AwaitTaskContinuation:InvokeAction (object)
System.Threading.Tasks.AwaitTaskContinuation:RunCallback (System.Threading.ContextCallback,object,System.Threading.Tasks.Task&)
System.Threading.Tasks.SynchronizationContextAwaitTaskContinuation:Run (System.Threading.Tasks.Task,bool)
System.Threading.Tasks.Task:FinishContinuations ()
System.Threading.Tasks.Task:FinishStageThree ()
System.Threading.Tasks.Task`1<bool>:TrySetResult (bool)
System.Threading.Tasks.TaskCompletionSource`1<bool>:TrySetResult (bool)
WakaTime.Plugin/<>c__DisplayClass29_0:<SendHeartbeat>b__0 (UnityEngine.AsyncOperation) (at ./Library/PackageCache/com.daniel-geo.unityhackatime@5ac210a9a287/Editor/Plugin.cs:176)
UnityEngine.AsyncOperation:InvokeCompletionEvent ()

(Filename: ./Library/PackageCache/com.daniel-geo.unityhackatime@5ac210a9a287/Editor/Plugin.cs Line: 203)

Unloading 6876 unused Assets / (4.1 MB). Loaded Objects now: 7756.
Memory consumption went from 162.0 MB to 158.0 MB.
Total: 9.280500 ms (FindLiveObjects: 0.681900 ms CreateObjectMapping: 0.590500 ms MarkObjects: 5.712600 ms  DeleteObjects: 2.294000 ms)

Prepare: number of updated asset objects reloaded= 0
========================================================================
Received Prepare
Begin MonoManager ReloadAssembly
[Licensing::Client] Successfully resolved entitlement details
- Loaded All Assemblies, in  0.970 seconds
Refreshing native plugins compatible for Editor in 1.54 ms, found 4 plugins.
Native extension for WindowsStandalone target not found
Native extension for WebGL target not found
[Package Manager] Failed to launch server process. Reason: Unity was launched with the -noUpm command-line argument
[Package Manager] Unable to send message (not connected to server process).
[Package Manager] Cannot connect to Unity Package Manager local server
<HackaTime> Initializing...
UnityEngine.Debug:ExtractStackTraceNoAlloc (byte*,int,string)
UnityEngine.StackTraceUtility:ExtractStackTrace ()
UnityEngine.DebugLogHandler:Internal_Log (UnityEngine.LogType,UnityEngine.LogOption,string,UnityEngine.Object)
UnityEngine.DebugLogHandler:LogFormat (UnityEngine.LogType,UnityEngine.Object,string,object[])
UnityEngine.Logger:Log (UnityEngine.LogType,object)
UnityEngine.Debug:Log (object)
WakaTime.Plugin:Initialize () (at ./Library/PackageCache/com.daniel-geo.unityhackatime@5ac210a9a287/Editor/Plugin.cs:76)
WakaTime.Plugin:.cctor () (at ./Library/PackageCache/com.daniel-geo.unityhackatime@5ac210a9a287/Editor/Plugin.cs:41)
System.Runtime.CompilerServices.RuntimeHelpers:RunClassConstructor (System.RuntimeTypeHandle)
UnityEditor.EditorAssemblies:ProcessInitializeOnLoadAttributes (System.Type[])

(Filename: ./Library/PackageCache/com.daniel-geo.unityhackatime@5ac210a9a287/Editor/Plugin.cs Line: 76)

<HackaTime> Sending heartbeat...
UnityEngine.Debug:ExtractStackTraceNoAlloc (byte*,int,string)
UnityEngine.StackTraceUtility:ExtractStackTrace ()
UnityEngine.DebugLogHandler:Internal_Log (UnityEngine.LogType,UnityEngine.LogOption,string,UnityEngine.Object)
UnityEngine.DebugLogHandler:LogFormat (UnityEngine.LogType,UnityEngine.Object,string,object[])
UnityEngine.Logger:Log (UnityEngine.LogType,object)
UnityEngine.Debug:Log (object)
WakaTime.Plugin/<SendHeartbeat>d__29:MoveNext () (at ./Library/PackageCache/com.daniel-geo.unityhackatime@5ac210a9a287/Editor/Plugin.cs:144)
System.Runtime.CompilerServices.AsyncVoidMethodBuilder:Start<WakaTime.Plugin/<SendHeartbeat>d__29> (WakaTime.Plugin/<SendHeartbeat>d__29&)
WakaTime.Plugin:SendHeartbeat (bool)
WakaTime.Plugin:Initialize () (at ./Library/PackageCache/com.daniel-geo.unityhackatime@5ac210a9a287/Editor/Plugin.cs:78)
WakaTime.Plugin:.cctor () (at ./Library/PackageCache/com.daniel-geo.unityhackatime@5ac210a9a287/Editor/Plugin.cs:41)
System.Runtime.CompilerServices.RuntimeHelpers:RunClassConstructor (System.RuntimeTypeHandle)
UnityEditor.EditorAssemblies:ProcessInitializeOnLoadAttributes (System.Type[])

(Filename: ./Library/PackageCache/com.daniel-geo.unityhackatime@5ac210a9a287/Editor/Plugin.cs Line: 144)

Mono: successfully reloaded assembly
- Finished resetting the current domain, in  1.109 seconds
Domain Reload Profiling: 2076ms
	BeginReloadAssembly (264ms)
		ExecutionOrderSort (0ms)
		DisableScriptedObjects (16ms)
		BackupInstance (0ms)
		ReleaseScriptingObjects (0ms)
		CreateAndSetChildDomain (56ms)
	RebuildCommonClasses (43ms)
	RebuildNativeTypeToScriptingClass (15ms)
	initialDomainReloadingComplete (35ms)
	LoadAllAssembliesAndSetupDomain (609ms)
		LoadAssemblies (473ms)
		RebuildTransferFunctionScriptingTraits (0ms)
		AnalyzeDomain (248ms)
			TypeCache.Refresh (11ms)
				TypeCache.ScanAssembly (0ms)
			BuildScriptInfoCaches (218ms)
			ResolveRequiredComponents (12ms)
	FinalizeReload (1109ms)
		ReleaseScriptCaches (0ms)
		RebuildScriptCaches (0ms)
		SetupLoadedEditorAssemblies (899ms)
			LogAssemblyErrors (0ms)
			InitializePlatformSupportModulesInManaged (5ms)
			SetLoadedEditorAssemblies (14ms)
			BeforeProcessingInitializeOnLoad (285ms)
			ProcessInitializeOnLoadAttributes (497ms)
			ProcessInitializeOnLoadMethodAttributes (90ms)
			AfterProcessingInitializeOnLoad (7ms)
			EditorAssembliesLoaded (0ms)
		ExecutionOrderSort2 (0ms)
		AwakeInstancesAfterBackupRestoration (15ms)
Refreshing native plugins compatible for Editor in 1.58 ms, found 4 plugins.
Preloading 0 native plugins for Editor in 0.00 ms.
Unloading 16 Unused Serialized files (Serialized files now loaded: 0)
<HackaTime> Got response
{"id":1653597714,"user_id":7870,"branch":"main","category":"coding","dependencies":[],"editor":"","entity":"Unsaved Scene","language":"unity","machine":null,"operating_system":"","project":"magicExplorer","type":"file","user_agent":"unity-hackatime","line_additions":null,"line_deletions":null,"lineno":null,"lines":null,"cursorpos":null,"project_root_count":null,"time":1771757568.0,"is_write":false,"created_at":"2026-02-22T10:53:32.786Z","updated_at":"2026-02-22T10:53:32.787Z","fields_hash":"c2cb35f3d64bdcbf5ba81a72735f444b","source_type":"direct_entry","ip_address":"2.34.183.101","ysws_program":"nothing","deleted_at":null,"raw_data":null,"raw_heartbeat_upload_id":199416784}
UnityEngine.Debug:ExtractStackTraceNoAlloc (byte*,int,string)
UnityEngine.StackTraceUtility:ExtractStackTrace ()
UnityEngine.DebugLogHandler:Internal_Log (UnityEngine.LogType,UnityEngine.LogOption,string,UnityEngine.Object)
UnityEngine.DebugLogHandler:LogFormat (UnityEngine.LogType,UnityEngine.Object,string,object[])
UnityEngine.Logger:Log (UnityEngine.LogType,object)
UnityEngine.Debug:Log (object)
WakaTime.Plugin/<SendHeartbeat>d__29:MoveNext () (at ./Library/PackageCache/com.daniel-geo.unityhackatime@5ac210a9a287/Editor/Plugin.cs:187)
System.Runtime.CompilerServices.AsyncMethodBuilderCore/MoveNextRunner:InvokeMoveNext (object)
System.Threading.ExecutionContext:RunInternal (System.Threading.ExecutionContext,System.Threading.ContextCallback,object,bool)
System.Threading.ExecutionContext:Run (System.Threading.ExecutionContext,System.Threading.ContextCallback,object,bool)
System.Runtime.CompilerServices.AsyncMethodBuilderCore/MoveNextRunner:Run ()
System.Threading.Tasks.AwaitTaskContinuation:InvokeAction (object)
System.Threading.Tasks.AwaitTaskContinuation:RunCallback (System.Threading.ContextCallback,object,System.Threading.Tasks.Task&)
System.Threading.Tasks.SynchronizationContextAwaitTaskContinuation:Run (System.Threading.Tasks.Task,bool)
System.Threading.Tasks.Task:FinishContinuations ()
System.Threading.Tasks.Task:FinishStageThree ()
System.Threading.Tasks.Task`1<bool>:TrySetResult (bool)
System.Threading.Tasks.TaskCompletionSource`1<bool>:TrySetResult (bool)
WakaTime.Plugin/<>c__DisplayClass29_0:<SendHeartbeat>b__0 (UnityEngine.AsyncOperation) (at ./Library/PackageCache/com.daniel-geo.unityhackatime@5ac210a9a287/Editor/Plugin.cs:176)
UnityEngine.AsyncOperation:InvokeCompletionEvent ()

(Filename: ./Library/PackageCache/com.daniel-geo.unityhackatime@5ac210a9a287/Editor/Plugin.cs Line: 187)

<HackaTime> Sent heartbeat!
UnityEngine.Debug:ExtractStackTraceNoAlloc (byte*,int,string)
UnityEngine.StackTraceUtility:ExtractStackTrace ()
UnityEngine.DebugLogHandler:Internal_Log (UnityEngine.LogType,UnityEngine.LogOption,string,UnityEngine.Object)
UnityEngine.DebugLogHandler:LogFormat (UnityEngine.LogType,UnityEngine.Object,string,object[])
UnityEngine.Logger:Log (UnityEngine.LogType,object)
UnityEngine.Debug:Log (object)
WakaTime.Plugin/<SendHeartbeat>d__29:MoveNext () (at ./Library/PackageCache/com.daniel-geo.unityhackatime@5ac210a9a287/Editor/Plugin.cs:203)
System.Runtime.CompilerServices.AsyncMethodBuilderCore/MoveNextRunner:InvokeMoveNext (object)
System.Threading.ExecutionContext:RunInternal (System.Threading.ExecutionContext,System.Threading.ContextCallback,object,bool)
System.Threading.ExecutionContext:Run (System.Threading.ExecutionContext,System.Threading.ContextCallback,object,bool)
System.Runtime.CompilerServices.AsyncMethodBuilderCore/MoveNextRunner:Run ()
System.Threading.Tasks.AwaitTaskContinuation:InvokeAction (object)
System.Threading.Tasks.AwaitTaskContinuation:RunCallback (System.Threading.ContextCallback,object,System.Threading.Tasks.Task&)
System.Threading.Tasks.SynchronizationContextAwaitTaskContinuation:Run (System.Threading.Tasks.Task,bool)
System.Threading.Tasks.Task:FinishContinuations ()
System.Threading.Tasks.Task:FinishStageThree ()
System.Threading.Tasks.Task`1<bool>:TrySetResult (bool)
System.Threading.Tasks.TaskCompletionSource`1<bool>:TrySetResult (bool)
WakaTime.Plugin/<>c__DisplayClass29_0:<SendHeartbeat>b__0 (UnityEngine.AsyncOperation) (at ./Library/PackageCache/com.daniel-geo.unityhackatime@5ac210a9a287/Editor/Plugin.cs:176)
UnityEngine.AsyncOperation:InvokeCompletionEvent ()

(Filename: ./Library/PackageCache/com.daniel-geo.unityhackatime@5ac210a9a287/Editor/Plugin.cs Line: 203)

Unloading 6876 unused Assets / (4.4 MB). Loaded Objects now: 7759.
Memory consumption went from 162.0 MB to 157.6 MB.
Total: 9.898200 ms (FindLiveObjects: 0.868400 ms CreateObjectMapping: 0.663300 ms MarkObjects: 6.003300 ms  DeleteObjects: 2.361500 ms)

Prepare: number of updated asset objects reloaded= 0
========================================================================
Received Prepare
Begin MonoManager ReloadAssembly
- Loaded All Assemblies, in  0.915 seconds
Refreshing native plugins compatible for Editor in 1.85 ms, found 4 plugins.
Native extension for WindowsStandalone target not found
Native extension for WebGL target not found
[Package Manager] Failed to launch server process. Reason: Unity was launched with the -noUpm command-line argument
[Package Manager] Unable to send message (not connected to server process).
[Package Manager] Cannot connect to Unity Package Manager local server
<HackaTime> Initializing...
UnityEngine.Debug:ExtractStackTraceNoAlloc (byte*,int,string)
UnityEngine.StackTraceUtility:ExtractStackTrace ()
UnityEngine.DebugLogHandler:Internal_Log (UnityEngine.LogType,UnityEngine.LogOption,string,UnityEngine.Object)
UnityEngine.DebugLogHandler:LogFormat (UnityEngine.LogType,UnityEngine.Object,string,object[])
UnityEngine.Logger:Log (UnityEngine.LogType,object)
UnityEngine.Debug:Log (object)
WakaTime.Plugin:Initialize () (at ./Library/PackageCache/com.daniel-geo.unityhackatime@5ac210a9a287/Editor/Plugin.cs:76)
WakaTime.Plugin:.cctor () (at ./Library/PackageCache/com.daniel-geo.unityhackatime@5ac210a9a287/Editor/Plugin.cs:41)
System.Runtime.CompilerServices.RuntimeHelpers:RunClassConstructor (System.RuntimeTypeHandle)
UnityEditor.EditorAssemblies:ProcessInitializeOnLoadAttributes (System.Type[])

(Filename: ./Library/PackageCache/com.daniel-geo.unityhackatime@5ac210a9a287/Editor/Plugin.cs Line: 76)

<HackaTime> Sending heartbeat...
UnityEngine.Debug:ExtractStackTraceNoAlloc (byte*,int,string)
UnityEngine.StackTraceUtility:ExtractStackTrace ()
UnityEngine.DebugLogHandler:Internal_Log (UnityEngine.LogType,UnityEngine.LogOption,string,UnityEngine.Object)
UnityEngine.DebugLogHandler:LogFormat (UnityEngine.LogType,UnityEngine.Object,string,object[])
UnityEngine.Logger:Log (UnityEngine.LogType,object)
UnityEngine.Debug:Log (object)
WakaTime.Plugin/<SendHeartbeat>d__29:MoveNext () (at ./Library/PackageCache/com.daniel-geo.unityhackatime@5ac210a9a287/Editor/Plugin.cs:144)
System.Runtime.CompilerServices.AsyncVoidMethodBuilder:Start<WakaTime.Plugin/<SendHeartbeat>d__29> (WakaTime.Plugin/<SendHeartbeat>d__29&)
WakaTime.Plugin:SendHeartbeat (bool)
WakaTime.Plugin:Initialize () (at ./Library/PackageCache/com.daniel-geo.unityhackatime@5ac210a9a287/Editor/Plugin.cs:78)
WakaTime.Plugin:.cctor () (at ./Library/PackageCache/com.daniel-geo.unityhackatime@5ac210a9a287/Editor/Plugin.cs:41)
System.Runtime.CompilerServices.RuntimeHelpers:RunClassConstructor (System.RuntimeTypeHandle)
UnityEditor.EditorAssemblies:ProcessInitializeOnLoadAttributes (System.Type[])

(Filename: ./Library/PackageCache/com.daniel-geo.unityhackatime@5ac210a9a287/Editor/Plugin.cs Line: 144)

Mono: successfully reloaded assembly
- Finished resetting the current domain, in  0.995 seconds
Domain Reload Profiling: 1907ms
	BeginReloadAssembly (245ms)
		ExecutionOrderSort (0ms)
		DisableScriptedObjects (15ms)
		BackupInstance (0ms)
		ReleaseScriptingObjects (0ms)
		CreateAndSetChildDomain (54ms)
	RebuildCommonClasses (41ms)
	RebuildNativeTypeToScriptingClass (15ms)
	initialDomainReloadingComplete (34ms)
	LoadAllAssembliesAndSetupDomain (576ms)
		LoadAssemblies (419ms)
		RebuildTransferFunctionScriptingTraits (0ms)
		AnalyzeDomain (262ms)
			TypeCache.Refresh (8ms)
				TypeCache.ScanAssembly (0ms)
			BuildScriptInfoCaches (235ms)
			ResolveRequiredComponents (13ms)
	FinalizeReload (996ms)
		ReleaseScriptCaches (0ms)
		RebuildScriptCaches (0ms)
		SetupLoadedEditorAssemblies (809ms)
			LogAssemblyErrors (0ms)
			InitializePlatformSupportModulesInManaged (15ms)
			SetLoadedEditorAssemblies (11ms)
			BeforeProcessingInitializeOnLoad (229ms)
			ProcessInitializeOnLoadAttributes (457ms)
			ProcessInitializeOnLoadMethodAttributes (88ms)
			AfterProcessingInitializeOnLoad (9ms)
			EditorAssembliesLoaded (0ms)
		ExecutionOrderSort2 (0ms)
		AwakeInstancesAfterBackupRestoration (28ms)
Refreshing native plugins compatible for Editor in 2.76 ms, found 4 plugins.
Preloading 0 native plugins for Editor in 0.00 ms.
Unloading 16 Unused Serialized files (Serialized files now loaded: 0)
<HackaTime> Got response
{"id":1653597714,"user_id":7870,"branch":"main","category":"coding","dependencies":[],"editor":"","entity":"Unsaved Scene","language":"unity","machine":null,"operating_system":"","project":"magicExplorer","type":"file","user_agent":"unity-hackatime","line_additions":null,"line_deletions":null,"lineno":null,"lines":null,"cursorpos":null,"project_root_count":null,"time":1771757568.0,"is_write":false,"created_at":"2026-02-22T10:53:32.786Z","updated_at":"2026-02-22T10:53:32.787Z","fields_hash":"c2cb35f3d64bdcbf5ba81a72735f444b","source_type":"direct_entry","ip_address":"2.34.183.101","ysws_program":"nothing","deleted_at":null,"raw_data":null,"raw_heartbeat_upload_id":199416784}
UnityEngine.Debug:ExtractStackTraceNoAlloc (byte*,int,string)
UnityEngine.StackTraceUtility:ExtractStackTrace ()
UnityEngine.DebugLogHandler:Internal_Log (UnityEngine.LogType,UnityEngine.LogOption,string,UnityEngine.Object)
UnityEngine.DebugLogHandler:LogFormat (UnityEngine.LogType,UnityEngine.Object,string,object[])
UnityEngine.Logger:Log (UnityEngine.LogType,object)
UnityEngine.Debug:Log (object)
WakaTime.Plugin/<SendHeartbeat>d__29:MoveNext () (at ./Library/PackageCache/com.daniel-geo.unityhackatime@5ac210a9a287/Editor/Plugin.cs:187)
System.Runtime.CompilerServices.AsyncMethodBuilderCore/MoveNextRunner:InvokeMoveNext (object)
System.Threading.ExecutionContext:RunInternal (System.Threading.ExecutionContext,System.Threading.ContextCallback,object,bool)
System.Threading.ExecutionContext:Run (System.Threading.ExecutionContext,System.Threading.ContextCallback,object,bool)
System.Runtime.CompilerServices.AsyncMethodBuilderCore/MoveNextRunner:Run ()
System.Threading.Tasks.AwaitTaskContinuation:InvokeAction (object)
System.Threading.Tasks.AwaitTaskContinuation:RunCallback (System.Threading.ContextCallback,object,System.Threading.Tasks.Task&)
System.Threading.Tasks.SynchronizationContextAwaitTaskContinuation:Run (System.Threading.Tasks.Task,bool)
System.Threading.Tasks.Task:FinishContinuations ()
System.Threading.Tasks.Task:FinishStageThree ()
System.Threading.Tasks.Task`1<bool>:TrySetResult (bool)
System.Threading.Tasks.TaskCompletionSource`1<bool>:TrySetResult (bool)
WakaTime.Plugin/<>c__DisplayClass29_0:<SendHeartbeat>b__0 (UnityEngine.AsyncOperation) (at ./Library/PackageCache/com.daniel-geo.unityhackatime@5ac210a9a287/Editor/Plugin.cs:176)
UnityEngine.AsyncOperation:InvokeCompletionEvent ()

(Filename: ./Library/PackageCache/com.daniel-geo.unityhackatime@5ac210a9a287/Editor/Plugin.cs Line: 187)

<HackaTime> Sent heartbeat!
UnityEngine.Debug:ExtractStackTraceNoAlloc (byte*,int,string)
UnityEngine.StackTraceUtility:ExtractStackTrace ()
UnityEngine.DebugLogHandler:Internal_Log (UnityEngine.LogType,UnityEngine.LogOption,string,UnityEngine.Object)
UnityEngine.DebugLogHandler:LogFormat (UnityEngine.LogType,UnityEngine.Object,string,object[])
UnityEngine.Logger:Log (UnityEngine.LogType,object)
UnityEngine.Debug:Log (object)
WakaTime.Plugin/<SendHeartbeat>d__29:MoveNext () (at ./Library/PackageCache/com.daniel-geo.unityhackatime@5ac210a9a287/Editor/Plugin.cs:203)
System.Runtime.CompilerServices.AsyncMethodBuilderCore/MoveNextRunner:InvokeMoveNext (object)
System.Threading.ExecutionContext:RunInternal (System.Threading.ExecutionContext,System.Threading.ContextCallback,object,bool)
System.Threading.ExecutionContext:Run (System.Threading.ExecutionContext,System.Threading.ContextCallback,object,bool)
System.Runtime.CompilerServices.AsyncMethodBuilderCore/MoveNextRunner:Run ()
System.Threading.Tasks.AwaitTaskContinuation:InvokeAction (object)
System.Threading.Tasks.AwaitTaskContinuation:RunCallback (System.Threading.ContextCallback,object,System.Threading.Tasks.Task&)
System.Threading.Tasks.SynchronizationContextAwaitTaskContinuation:Run (System.Threading.Tasks.Task,bool)
System.Threading.Tasks.Task:FinishContinuations ()
System.Threading.Tasks.Task:FinishStageThree ()
System.Threading.Tasks.Task`1<bool>:TrySetResult (bool)
System.Threading.Tasks.TaskCompletionSource`1<bool>:TrySetResult (bool)
WakaTime.Plugin/<>c__DisplayClass29_0:<SendHeartbeat>b__0 (UnityEngine.AsyncOperation) (at ./Library/PackageCache/com.daniel-geo.unityhackatime@5ac210a9a287/Editor/Plugin.cs:176)
UnityEngine.AsyncOperation:InvokeCompletionEvent ()

(Filename: ./Library/PackageCache/com.daniel-geo.unityhackatime@5ac210a9a287/Editor/Plugin.cs Line: 203)

Unloading 6876 unused Assets / (4.6 MB). Loaded Objects now: 7762.
Memory consumption went from 162.1 MB to 157.5 MB.
Total: 10.494300 ms (FindLiveObjects: 0.649100 ms CreateObjectMapping: 0.442100 ms MarkObjects: 6.299600 ms  DeleteObjects: 3.101200 ms)

Prepare: number of updated asset objects reloaded= 0
========================================================================
Received Prepare
Begin MonoManager ReloadAssembly
[Licensing::Client] Successfully resolved entitlement details
- Loaded All Assemblies, in  0.859 seconds
Refreshing native plugins compatible for Editor in 2.28 ms, found 4 plugins.
Native extension for WindowsStandalone target not found
Native extension for WebGL target not found
[Package Manager] Failed to launch server process. Reason: Unity was launched with the -noUpm command-line argument
[Package Manager] Unable to send message (not connected to server process).
[Package Manager] Cannot connect to Unity Package Manager local server
<HackaTime> Initializing...
UnityEngine.Debug:ExtractStackTraceNoAlloc (byte*,int,string)
UnityEngine.StackTraceUtility:ExtractStackTrace ()
UnityEngine.DebugLogHandler:Internal_Log (UnityEngine.LogType,UnityEngine.LogOption,string,UnityEngine.Object)
UnityEngine.DebugLogHandler:LogFormat (UnityEngine.LogType,UnityEngine.Object,string,object[])
UnityEngine.Logger:Log (UnityEngine.LogType,object)
UnityEngine.Debug:Log (object)
WakaTime.Plugin:Initialize () (at ./Library/PackageCache/com.daniel-geo.unityhackatime@5ac210a9a287/Editor/Plugin.cs:76)
WakaTime.Plugin:.cctor () (at ./Library/PackageCache/com.daniel-geo.unityhackatime@5ac210a9a287/Editor/Plugin.cs:41)
System.Runtime.CompilerServices.RuntimeHelpers:RunClassConstructor (System.RuntimeTypeHandle)
UnityEditor.EditorAssemblies:ProcessInitializeOnLoadAttributes (System.Type[])

(Filename: ./Library/PackageCache/com.daniel-geo.unityhackatime@5ac210a9a287/Editor/Plugin.cs Line: 76)

<HackaTime> Sending heartbeat...
UnityEngine.Debug:ExtractStackTraceNoAlloc (byte*,int,string)
UnityEngine.StackTraceUtility:ExtractStackTrace ()
UnityEngine.DebugLogHandler:Internal_Log (UnityEngine.LogType,UnityEngine.LogOption,string,UnityEngine.Object)
UnityEngine.DebugLogHandler:LogFormat (UnityEngine.LogType,UnityEngine.Object,string,object[])
UnityEngine.Logger:Log (UnityEngine.LogType,object)
UnityEngine.Debug:Log (object)
WakaTime.Plugin/<SendHeartbeat>d__29:MoveNext () (at ./Library/PackageCache/com.daniel-geo.unityhackatime@5ac210a9a287/Editor/Plugin.cs:144)
System.Runtime.CompilerServices.AsyncVoidMethodBuilder:Start<WakaTime.Plugin/<SendHeartbeat>d__29> (WakaTime.Plugin/<SendHeartbeat>d__29&)
WakaTime.Plugin:SendHeartbeat (bool)
WakaTime.Plugin:Initialize () (at ./Library/PackageCache/com.daniel-geo.unityhackatime@5ac210a9a287/Editor/Plugin.cs:78)
WakaTime.Plugin:.cctor () (at ./Library/PackageCache/com.daniel-geo.unityhackatime@5ac210a9a287/Editor/Plugin.cs:41)
System.Runtime.CompilerServices.RuntimeHelpers:RunClassConstructor (System.RuntimeTypeHandle)
UnityEditor.EditorAssemblies:ProcessInitializeOnLoadAttributes (System.Type[])

(Filename: ./Library/PackageCache/com.daniel-geo.unityhackatime@5ac210a9a287/Editor/Plugin.cs Line: 144)

Mono: successfully reloaded assembly
- Finished resetting the current domain, in  0.920 seconds
Domain Reload Profiling: 1778ms
	BeginReloadAssembly (243ms)
		ExecutionOrderSort (0ms)
		DisableScriptedObjects (14ms)
		BackupInstance (0ms)
		ReleaseScriptingObjects (0ms)
		CreateAndSetChildDomain (55ms)
	RebuildCommonClasses (39ms)
	RebuildNativeTypeToScriptingClass (13ms)
	initialDomainReloadingComplete (32ms)
	LoadAllAssembliesAndSetupDomain (531ms)
		LoadAssemblies (428ms)
		RebuildTransferFunctionScriptingTraits (0ms)
		AnalyzeDomain (211ms)
			TypeCache.Refresh (10ms)
				TypeCache.ScanAssembly (0ms)
			BuildScriptInfoCaches (185ms)
			ResolveRequiredComponents (10ms)
	FinalizeReload (921ms)
		ReleaseScriptCaches (0ms)
		RebuildScriptCaches (0ms)
		SetupLoadedEditorAssemblies (738ms)
			LogAssemblyErrors (0ms)
			InitializePlatformSupportModulesInManaged (3ms)
			SetLoadedEditorAssemblies (7ms)
			BeforeProcessingInitializeOnLoad (203ms)
			ProcessInitializeOnLoadAttributes (423ms)
			ProcessInitializeOnLoadMethodAttributes (90ms)
			AfterProcessingInitializeOnLoad (12ms)
			EditorAssembliesLoaded (1ms)
		ExecutionOrderSort2 (0ms)
		AwakeInstancesAfterBackupRestoration (16ms)
Refreshing native plugins compatible for Editor in 1.53 ms, found 4 plugins.
Preloading 0 native plugins for Editor in 0.00 ms.
Unloading 16 Unused Serialized files (Serialized files now loaded: 0)
<HackaTime> Got response
{"id":1653608196,"user_id":7870,"branch":"main","category":"coding","dependencies":[],"editor":"","entity":"Unsaved Scene","language":"unity","machine":null,"operating_system":"","project":"magicExplorer","type":"file","user_agent":"unity-hackatime","line_additions":null,"line_deletions":null,"lineno":null,"lines":null,"cursorpos":null,"project_root_count":null,"time":1771758208.0,"is_write":false,"created_at":"2026-02-22T11:02:54.786Z","updated_at":"2026-02-22T11:02:54.787Z","fields_hash":"fa1c4276f59c2fd84d168afced285a77","source_type":"direct_entry","ip_address":"2.34.183.101","ysws_program":"nothing","deleted_at":null,"raw_data":null,"raw_heartbeat_upload_id":199420639}
UnityEngine.Debug:ExtractStackTraceNoAlloc (byte*,int,string)
UnityEngine.StackTraceUtility:ExtractStackTrace ()
UnityEngine.DebugLogHandler:Internal_Log (UnityEngine.LogType,UnityEngine.LogOption,string,UnityEngine.Object)
UnityEngine.DebugLogHandler:LogFormat (UnityEngine.LogType,UnityEngine.Object,string,object[])
UnityEngine.Logger:Log (UnityEngine.LogType,object)
UnityEngine.Debug:Log (object)
WakaTime.Plugin/<SendHeartbeat>d__29:MoveNext () (at ./Library/PackageCache/com.daniel-geo.unityhackatime@5ac210a9a287/Editor/Plugin.cs:187)
System.Runtime.CompilerServices.AsyncMethodBuilderCore/MoveNextRunner:InvokeMoveNext (object)
System.Threading.ExecutionContext:RunInternal (System.Threading.ExecutionContext,System.Threading.ContextCallback,object,bool)
System.Threading.ExecutionContext:Run (System.Threading.ExecutionContext,System.Threading.ContextCallback,object,bool)
System.Runtime.CompilerServices.AsyncMethodBuilderCore/MoveNextRunner:Run ()
System.Threading.Tasks.AwaitTaskContinuation:InvokeAction (object)
System.Threading.Tasks.AwaitTaskContinuation:RunCallback (System.Threading.ContextCallback,object,System.Threading.Tasks.Task&)
System.Threading.Tasks.SynchronizationContextAwaitTaskContinuation:Run (System.Threading.Tasks.Task,bool)
System.Threading.Tasks.Task:FinishContinuations ()
System.Threading.Tasks.Task:FinishStageThree ()
System.Threading.Tasks.Task`1<bool>:TrySetResult (bool)
System.Threading.Tasks.TaskCompletionSource`1<bool>:TrySetResult (bool)
WakaTime.Plugin/<>c__DisplayClass29_0:<SendHeartbeat>b__0 (UnityEngine.AsyncOperation) (at ./Library/PackageCache/com.daniel-geo.unityhackatime@5ac210a9a287/Editor/Plugin.cs:176)
UnityEngine.AsyncOperation:InvokeCompletionEvent ()

(Filename: ./Library/PackageCache/com.daniel-geo.unityhackatime@5ac210a9a287/Editor/Plugin.cs Line: 187)

<HackaTime> Sent heartbeat!
UnityEngine.Debug:ExtractStackTraceNoAlloc (byte*,int,string)
UnityEngine.StackTraceUtility:ExtractStackTrace ()
UnityEngine.DebugLogHandler:Internal_Log (UnityEngine.LogType,UnityEngine.LogOption,string,UnityEngine.Object)
UnityEngine.DebugLogHandler:LogFormat (UnityEngine.LogType,UnityEngine.Object,string,object[])
UnityEngine.Logger:Log (UnityEngine.LogType,object)
UnityEngine.Debug:Log (object)
WakaTime.Plugin/<SendHeartbeat>d__29:MoveNext () (at ./Library/PackageCache/com.daniel-geo.unityhackatime@5ac210a9a287/Editor/Plugin.cs:203)
System.Runtime.CompilerServices.AsyncMethodBuilderCore/MoveNextRunner:InvokeMoveNext (object)
System.Threading.ExecutionContext:RunInternal (System.Threading.ExecutionContext,System.Threading.ContextCallback,object,bool)
System.Threading.ExecutionContext:Run (System.Threading.ExecutionContext,System.Threading.ContextCallback,object,bool)
System.Runtime.CompilerServices.AsyncMethodBuilderCore/MoveNextRunner:Run ()
System.Threading.Tasks.AwaitTaskContinuation:InvokeAction (object)
System.Threading.Tasks.AwaitTaskContinuation:RunCallback (System.Threading.ContextCallback,object,System.Threading.Tasks.Task&)
System.Threading.Tasks.SynchronizationContextAwaitTaskContinuation:Run (System.Threading.Tasks.Task,bool)
System.Threading.Tasks.Task:FinishContinuations ()
System.Threading.Tasks.Task:FinishStageThree ()
System.Threading.Tasks.Task`1<bool>:TrySetResult (bool)
System.Threading.Tasks.TaskCompletionSource`1<bool>:TrySetResult (bool)
WakaTime.Plugin/<>c__DisplayClass29_0:<SendHeartbeat>b__0 (UnityEngine.AsyncOperation) (at ./Library/PackageCache/com.daniel-geo.unityhackatime@5ac210a9a287/Editor/Plugin.cs:176)
UnityEngine.AsyncOperation:InvokeCompletionEvent ()

(Filename: ./Library/PackageCache/com.daniel-geo.unityhackatime@5ac210a9a287/Editor/Plugin.cs Line: 203)

Unloading 6876 unused Assets / (4.2 MB). Loaded Objects now: 7765.
Memory consumption went from 162.2 MB to 158.0 MB.
Total: 7.600300 ms (FindLiveObjects: 0.504100 ms CreateObjectMapping: 0.352000 ms MarkObjects: 4.756500 ms  DeleteObjects: 1.985700 ms)

Prepare: number of updated asset objects reloaded= 0
========================================================================
Received Prepare
Begin MonoManager ReloadAssembly
[Licensing::Client] Successfully resolved entitlement details
- Loaded All Assemblies, in  0.784 seconds
Refreshing native plugins compatible for Editor in 1.16 ms, found 4 plugins.
Native extension for WindowsStandalone target not found
Native extension for WebGL target not found
[Package Manager] Failed to launch server process. Reason: Unity was launched with the -noUpm command-line argument
[Package Manager] Unable to send message (not connected to server process).
[Package Manager] Cannot connect to Unity Package Manager local server
<HackaTime> Initializing...
UnityEngine.Debug:ExtractStackTraceNoAlloc (byte*,int,string)
UnityEngine.StackTraceUtility:ExtractStackTrace ()
UnityEngine.DebugLogHandler:Internal_Log (UnityEngine.LogType,UnityEngine.LogOption,string,UnityEngine.Object)
UnityEngine.DebugLogHandler:LogFormat (UnityEngine.LogType,UnityEngine.Object,string,object[])
UnityEngine.Logger:Log (UnityEngine.LogType,object)
UnityEngine.Debug:Log (object)
WakaTime.Plugin:Initialize () (at ./Library/PackageCache/com.daniel-geo.unityhackatime@5ac210a9a287/Editor/Plugin.cs:76)
WakaTime.Plugin:.cctor () (at ./Library/PackageCache/com.daniel-geo.unityhackatime@5ac210a9a287/Editor/Plugin.cs:41)
System.Runtime.CompilerServices.RuntimeHelpers:RunClassConstructor (System.RuntimeTypeHandle)
UnityEditor.EditorAssemblies:ProcessInitializeOnLoadAttributes (System.Type[])

(Filename: ./Library/PackageCache/com.daniel-geo.unityhackatime@5ac210a9a287/Editor/Plugin.cs Line: 76)

<HackaTime> Sending heartbeat...
UnityEngine.Debug:ExtractStackTraceNoAlloc (byte*,int,string)
UnityEngine.StackTraceUtility:ExtractStackTrace ()
UnityEngine.DebugLogHandler:Internal_Log (UnityEngine.LogType,UnityEngine.LogOption,string,UnityEngine.Object)
UnityEngine.DebugLogHandler:LogFormat (UnityEngine.LogType,UnityEngine.Object,string,object[])
UnityEngine.Logger:Log (UnityEngine.LogType,object)
UnityEngine.Debug:Log (object)
WakaTime.Plugin/<SendHeartbeat>d__29:MoveNext () (at ./Library/PackageCache/com.daniel-geo.unityhackatime@5ac210a9a287/Editor/Plugin.cs:144)
System.Runtime.CompilerServices.AsyncVoidMethodBuilder:Start<WakaTime.Plugin/<SendHeartbeat>d__29> (WakaTime.Plugin/<SendHeartbeat>d__29&)
WakaTime.Plugin:SendHeartbeat (bool)
WakaTime.Plugin:Initialize () (at ./Library/PackageCache/com.daniel-geo.unityhackatime@5ac210a9a287/Editor/Plugin.cs:78)
WakaTime.Plugin:.cctor () (at ./Library/PackageCache/com.daniel-geo.unityhackatime@5ac210a9a287/Editor/Plugin.cs:41)
System.Runtime.CompilerServices.RuntimeHelpers:RunClassConstructor (System.RuntimeTypeHandle)
UnityEditor.EditorAssemblies:ProcessInitializeOnLoadAttributes (System.Type[])

(Filename: ./Library/PackageCache/com.daniel-geo.unityhackatime@5ac210a9a287/Editor/Plugin.cs Line: 144)

Mono: successfully reloaded assembly
- Finished resetting the current domain, in  0.759 seconds
Domain Reload Profiling: 1541ms
	BeginReloadAssembly (213ms)
		ExecutionOrderSort (0ms)
		DisableScriptedObjects (12ms)
		BackupInstance (0ms)
		ReleaseScriptingObjects (0ms)
		CreateAndSetChildDomain (49ms)
	RebuildCommonClasses (37ms)
	RebuildNativeTypeToScriptingClass (15ms)
	initialDomainReloadingComplete (33ms)
	LoadAllAssembliesAndSetupDomain (483ms)
		LoadAssemblies (390ms)
		RebuildTransferFunctionScriptingTraits (0ms)
		AnalyzeDomain (187ms)
			TypeCache.Refresh (9ms)
				TypeCache.ScanAssembly (0ms)
			BuildScriptInfoCaches (165ms)
			ResolveRequiredComponents (9ms)
	FinalizeReload (760ms)
		ReleaseScriptCaches (0ms)
		RebuildScriptCaches (0ms)
		SetupLoadedEditorAssemblies (560ms)
			LogAssemblyErrors (0ms)
			InitializePlatformSupportModulesInManaged (2ms)
			SetLoadedEditorAssemblies (8ms)
			BeforeProcessingInitializeOnLoad (155ms)
			ProcessInitializeOnLoadAttributes (318ms)
			ProcessInitializeOnLoadMethodAttributes (71ms)
			AfterProcessingInitializeOnLoad (6ms)
			EditorAssembliesLoaded (0ms)
		ExecutionOrderSort2 (0ms)
		AwakeInstancesAfterBackupRestoration (15ms)
Refreshing native plugins compatible for Editor in 1.43 ms, found 4 plugins.
Preloading 0 native plugins for Editor in 0.00 ms.
Unloading 16 Unused Serialized files (Serialized files now loaded: 0)
<HackaTime> Got response
{"id":1653608196,"user_id":7870,"branch":"main","category":"coding","dependencies":[],"editor":"","entity":"Unsaved Scene","language":"unity","machine":null,"operating_system":"","project":"magicExplorer","type":"file","user_agent":"unity-hackatime","line_additions":null,"line_deletions":null,"lineno":null,"lines":null,"cursorpos":null,"project_root_count":null,"time":1771758208.0,"is_write":false,"created_at":"2026-02-22T11:02:54.786Z","updated_at":"2026-02-22T11:02:54.787Z","fields_hash":"fa1c4276f59c2fd84d168afced285a77","source_type":"direct_entry","ip_address":"2.34.183.101","ysws_program":"nothing","deleted_at":null,"raw_data":null,"raw_heartbeat_upload_id":199420639}
UnityEngine.Debug:ExtractStackTraceNoAlloc (byte*,int,string)
UnityEngine.StackTraceUtility:ExtractStackTrace ()
UnityEngine.DebugLogHandler:Internal_Log (UnityEngine.LogType,UnityEngine.LogOption,string,UnityEngine.Object)
UnityEngine.DebugLogHandler:LogFormat (UnityEngine.LogType,UnityEngine.Object,string,object[])
UnityEngine.Logger:Log (UnityEngine.LogType,object)
UnityEngine.Debug:Log (object)
WakaTime.Plugin/<SendHeartbeat>d__29:MoveNext () (at ./Library/PackageCache/com.daniel-geo.unityhackatime@5ac210a9a287/Editor/Plugin.cs:187)
System.Runtime.CompilerServices.AsyncMethodBuilderCore/MoveNextRunner:InvokeMoveNext (object)
System.Threading.ExecutionContext:RunInternal (System.Threading.ExecutionContext,System.Threading.ContextCallback,object,bool)
System.Threading.ExecutionContext:Run (System.Threading.ExecutionContext,System.Threading.ContextCallback,object,bool)
System.Runtime.CompilerServices.AsyncMethodBuilderCore/MoveNextRunner:Run ()
System.Threading.Tasks.AwaitTaskContinuation:InvokeAction (object)
System.Threading.Tasks.AwaitTaskContinuation:RunCallback (System.Threading.ContextCallback,object,System.Threading.Tasks.Task&)
System.Threading.Tasks.SynchronizationContextAwaitTaskContinuation:Run (System.Threading.Tasks.Task,bool)
System.Threading.Tasks.Task:FinishContinuations ()
System.Threading.Tasks.Task:FinishStageThree ()
System.Threading.Tasks.Task`1<bool>:TrySetResult (bool)
System.Threading.Tasks.TaskCompletionSource`1<bool>:TrySetResult (bool)
WakaTime.Plugin/<>c__DisplayClass29_0:<SendHeartbeat>b__0 (UnityEngine.AsyncOperation) (at ./Library/PackageCache/com.daniel-geo.unityhackatime@5ac210a9a287/Editor/Plugin.cs:176)
UnityEngine.AsyncOperation:InvokeCompletionEvent ()

(Filename: ./Library/PackageCache/com.daniel-geo.unityhackatime@5ac210a9a287/Editor/Plugin.cs Line: 187)

<HackaTime> Sent heartbeat!
UnityEngine.Debug:ExtractStackTraceNoAlloc (byte*,int,string)
UnityEngine.StackTraceUtility:ExtractStackTrace ()
UnityEngine.DebugLogHandler:Internal_Log (UnityEngine.LogType,UnityEngine.LogOption,string,UnityEngine.Object)
UnityEngine.DebugLogHandler:LogFormat (UnityEngine.LogType,UnityEngine.Object,string,object[])
UnityEngine.Logger:Log (UnityEngine.LogType,object)
UnityEngine.Debug:Log (object)
WakaTime.Plugin/<SendHeartbeat>d__29:MoveNext () (at ./Library/PackageCache/com.daniel-geo.unityhackatime@5ac210a9a287/Editor/Plugin.cs:203)
System.Runtime.CompilerServices.AsyncMethodBuilderCore/MoveNextRunner:InvokeMoveNext (object)
System.Threading.ExecutionContext:RunInternal (System.Threading.ExecutionContext,System.Threading.ContextCallback,object,bool)
System.Threading.ExecutionContext:Run (System.Threading.ExecutionContext,System.Threading.ContextCallback,object,bool)
System.Runtime.CompilerServices.AsyncMethodBuilderCore/MoveNextRunner:Run ()
System.Threading.Tasks.AwaitTaskContinuation:InvokeAction (object)
System.Threading.Tasks.AwaitTaskContinuation:RunCallback (System.Threading.ContextCallback,object,System.Threading.Tasks.Task&)
System.Threading.Tasks.SynchronizationContextAwaitTaskContinuation:Run (System.Threading.Tasks.Task,bool)
System.Threading.Tasks.Task:FinishContinuations ()
System.Threading.Tasks.Task:FinishStageThree ()
System.Threading.Tasks.Task`1<bool>:TrySetResult (bool)
System.Threading.Tasks.TaskCompletionSource`1<bool>:TrySetResult (bool)
WakaTime.Plugin/<>c__DisplayClass29_0:<SendHeartbeat>b__0 (UnityEngine.AsyncOperation) (at ./Library/PackageCache/com.daniel-geo.unityhackatime@5ac210a9a287/Editor/Plugin.cs:176)
UnityEngine.AsyncOperation:InvokeCompletionEvent ()

(Filename: ./Library/PackageCache/com.daniel-geo.unityhackatime@5ac210a9a287/Editor/Plugin.cs Line: 203)

Unloading 6876 unused Assets / (4.4 MB). Loaded Objects now: 7768.
Memory consumption went from 162.2 MB to 157.8 MB.
Total: 8.150200 ms (FindLiveObjects: 0.506100 ms CreateObjectMapping: 0.348300 ms MarkObjects: 4.751000 ms  DeleteObjects: 2.543900 ms)

Prepare: number of updated asset objects reloaded= 0
========================================================================
Received Prepare
Begin MonoManager ReloadAssembly
[Licensing::Client] Successfully resolved entitlement details
- Loaded All Assemblies, in  0.704 seconds
Refreshing native plugins compatible for Editor in 1.11 ms, found 4 plugins.
Native extension for WindowsStandalone target not found
Native extension for WebGL target not found
[Package Manager] Failed to launch server process. Reason: Unity was launched with the -noUpm command-line argument
[Package Manager] Unable to send message (not connected to server process).
[Package Manager] Cannot connect to Unity Package Manager local server
<HackaTime> Initializing...
UnityEngine.Debug:ExtractStackTraceNoAlloc (byte*,int,string)
UnityEngine.StackTraceUtility:ExtractStackTrace ()
UnityEngine.DebugLogHandler:Internal_Log (UnityEngine.LogType,UnityEngine.LogOption,string,UnityEngine.Object)
UnityEngine.DebugLogHandler:LogFormat (UnityEngine.LogType,UnityEngine.Object,string,object[])
UnityEngine.Logger:Log (UnityEngine.LogType,object)
UnityEngine.Debug:Log (object)
WakaTime.Plugin:Initialize () (at ./Library/PackageCache/com.daniel-geo.unityhackatime@5ac210a9a287/Editor/Plugin.cs:76)
WakaTime.Plugin:.cctor () (at ./Library/PackageCache/com.daniel-geo.unityhackatime@5ac210a9a287/Editor/Plugin.cs:41)
System.Runtime.CompilerServices.RuntimeHelpers:RunClassConstructor (System.RuntimeTypeHandle)
UnityEditor.EditorAssemblies:ProcessInitializeOnLoadAttributes (System.Type[])

(Filename: ./Library/PackageCache/com.daniel-geo.unityhackatime@5ac210a9a287/Editor/Plugin.cs Line: 76)

<HackaTime> Sending heartbeat...
UnityEngine.Debug:ExtractStackTraceNoAlloc (byte*,int,string)
UnityEngine.StackTraceUtility:ExtractStackTrace ()
UnityEngine.DebugLogHandler:Internal_Log (UnityEngine.LogType,UnityEngine.LogOption,string,UnityEngine.Object)
UnityEngine.DebugLogHandler:LogFormat (UnityEngine.LogType,UnityEngine.Object,string,object[])
UnityEngine.Logger:Log (UnityEngine.LogType,object)
UnityEngine.Debug:Log (object)
WakaTime.Plugin/<SendHeartbeat>d__29:MoveNext () (at ./Library/PackageCache/com.daniel-geo.unityhackatime@5ac210a9a287/Editor/Plugin.cs:144)
System.Runtime.CompilerServices.AsyncVoidMethodBuilder:Start<WakaTime.Plugin/<SendHeartbeat>d__29> (WakaTime.Plugin/<SendHeartbeat>d__29&)
WakaTime.Plugin:SendHeartbeat (bool)
WakaTime.Plugin:Initialize () (at ./Library/PackageCache/com.daniel-geo.unityhackatime@5ac210a9a287/Editor/Plugin.cs:78)
WakaTime.Plugin:.cctor () (at ./Library/PackageCache/com.daniel-geo.unityhackatime@5ac210a9a287/Editor/Plugin.cs:41)
System.Runtime.CompilerServices.RuntimeHelpers:RunClassConstructor (System.RuntimeTypeHandle)
UnityEditor.EditorAssemblies:ProcessInitializeOnLoadAttributes (System.Type[])

(Filename: ./Library/PackageCache/com.daniel-geo.unityhackatime@5ac210a9a287/Editor/Plugin.cs Line: 144)

Mono: successfully reloaded assembly
- Finished resetting the current domain, in  0.685 seconds
Domain Reload Profiling: 1387ms
	BeginReloadAssembly (200ms)
		ExecutionOrderSort (0ms)
		DisableScriptedObjects (13ms)
		BackupInstance (0ms)
		ReleaseScriptingObjects (0ms)
		CreateAndSetChildDomain (45ms)
	RebuildCommonClasses (33ms)
	RebuildNativeTypeToScriptingClass (11ms)
	initialDomainReloadingComplete (27ms)
	LoadAllAssembliesAndSetupDomain (429ms)
		LoadAssemblies (351ms)
		RebuildTransferFunctionScriptingTraits (0ms)
		AnalyzeDomain (161ms)
			TypeCache.Refresh (6ms)
				TypeCache.ScanAssembly (0ms)
			BuildScriptInfoCaches (141ms)
			ResolveRequiredComponents (8ms)
	FinalizeReload (686ms)
		ReleaseScriptCaches (0ms)
		RebuildScriptCaches (0ms)
		SetupLoadedEditorAssemblies (552ms)
			LogAssemblyErrors (0ms)
			InitializePlatformSupportModulesInManaged (2ms)
			SetLoadedEditorAssemblies (6ms)
			BeforeProcessingInitializeOnLoad (158ms)
			ProcessInitializeOnLoadAttributes (311ms)
			ProcessInitializeOnLoadMethodAttributes (67ms)
			AfterProcessingInitializeOnLoad (7ms)
			EditorAssembliesLoaded (0ms)
		ExecutionOrderSort2 (0ms)
		AwakeInstancesAfterBackupRestoration (12ms)
Refreshing native plugins compatible for Editor in 1.37 ms, found 4 plugins.
Preloading 0 native plugins for Editor in 0.00 ms.
Unloading 16 Unused Serialized files (Serialized files now loaded: 0)
<HackaTime> Got response
{"id":1653617606,"user_id":7870,"branch":"main","category":"coding","dependencies":[],"editor":"","entity":"Unsaved Scene","language":"unity","machine":null,"operating_system":"","project":"magicExplorer","type":"file","user_agent":"unity-hackatime","line_additions":null,"line_deletions":null,"lineno":null,"lines":null,"cursorpos":null,"project_root_count":null,"time":1771758592.0,"is_write":false,"created_at":"2026-02-22T11:10:41.972Z","updated_at":"2026-02-22T11:10:41.973Z","fields_hash":"0d73416fa829b1731e02ada80c03c265","source_type":"direct_entry","ip_address":"2.34.183.101","ysws_program":"nothing","deleted_at":null,"raw_data":null,"raw_heartbeat_upload_id":199423942}
UnityEngine.Debug:ExtractStackTraceNoAlloc (byte*,int,string)
UnityEngine.StackTraceUtility:ExtractStackTrace ()
UnityEngine.DebugLogHandler:Internal_Log (UnityEngine.LogType,UnityEngine.LogOption,string,UnityEngine.Object)
UnityEngine.DebugLogHandler:LogFormat (UnityEngine.LogType,UnityEngine.Object,string,object[])
UnityEngine.Logger:Log (UnityEngine.LogType,object)
UnityEngine.Debug:Log (object)
WakaTime.Plugin/<SendHeartbeat>d__29:MoveNext () (at ./Library/PackageCache/com.daniel-geo.unityhackatime@5ac210a9a287/Editor/Plugin.cs:187)
System.Runtime.CompilerServices.AsyncMethodBuilderCore/MoveNextRunner:InvokeMoveNext (object)
System.Threading.ExecutionContext:RunInternal (System.Threading.ExecutionContext,System.Threading.ContextCallback,object,bool)
System.Threading.ExecutionContext:Run (System.Threading.ExecutionContext,System.Threading.ContextCallback,object,bool)
System.Runtime.CompilerServices.AsyncMethodBuilderCore/MoveNextRunner:Run ()
System.Threading.Tasks.AwaitTaskContinuation:InvokeAction (object)
System.Threading.Tasks.AwaitTaskContinuation:RunCallback (System.Threading.ContextCallback,object,System.Threading.Tasks.Task&)
System.Threading.Tasks.SynchronizationContextAwaitTaskContinuation:Run (System.Threading.Tasks.Task,bool)
System.Threading.Tasks.Task:FinishContinuations ()
System.Threading.Tasks.Task:FinishStageThree ()
System.Threading.Tasks.Task`1<bool>:TrySetResult (bool)
System.Threading.Tasks.TaskCompletionSource`1<bool>:TrySetResult (bool)
WakaTime.Plugin/<>c__DisplayClass29_0:<SendHeartbeat>b__0 (UnityEngine.AsyncOperation) (at ./Library/PackageCache/com.daniel-geo.unityhackatime@5ac210a9a287/Editor/Plugin.cs:176)
UnityEngine.AsyncOperation:InvokeCompletionEvent ()

(Filename: ./Library/PackageCache/com.daniel-geo.unityhackatime@5ac210a9a287/Editor/Plugin.cs Line: 187)

<HackaTime> Sent heartbeat!
UnityEngine.Debug:ExtractStackTraceNoAlloc (byte*,int,string)
UnityEngine.StackTraceUtility:ExtractStackTrace ()
UnityEngine.DebugLogHandler:Internal_Log (UnityEngine.LogType,UnityEngine.LogOption,string,UnityEngine.Object)
UnityEngine.DebugLogHandler:LogFormat (UnityEngine.LogType,UnityEngine.Object,string,object[])
UnityEngine.Logger:Log (UnityEngine.LogType,object)
UnityEngine.Debug:Log (object)
WakaTime.Plugin/<SendHeartbeat>d__29:MoveNext () (at ./Library/PackageCache/com.daniel-geo.unityhackatime@5ac210a9a287/Editor/Plugin.cs:203)
System.Runtime.CompilerServices.AsyncMethodBuilderCore/MoveNextRunner:InvokeMoveNext (object)
System.Threading.ExecutionContext:RunInternal (System.Threading.ExecutionContext,System.Threading.ContextCallback,object,bool)
System.Threading.ExecutionContext:Run (System.Threading.ExecutionContext,System.Threading.ContextCallback,object,bool)
System.Runtime.CompilerServices.AsyncMethodBuilderCore/MoveNextRunner:Run ()
System.Threading.Tasks.AwaitTaskContinuation:InvokeAction (object)
System.Threading.Tasks.AwaitTaskContinuation:RunCallback (System.Threading.ContextCallback,object,System.Threading.Tasks.Task&)
System.Threading.Tasks.SynchronizationContextAwaitTaskContinuation:Run (System.Threading.Tasks.Task,bool)
System.Threading.Tasks.Task:FinishContinuations ()
System.Threading.Tasks.Task:FinishStageThree ()
System.Threading.Tasks.Task`1<bool>:TrySetResult (bool)
System.Threading.Tasks.TaskCompletionSource`1<bool>:TrySetResult (bool)
WakaTime.Plugin/<>c__DisplayClass29_0:<SendHeartbeat>b__0 (UnityEngine.AsyncOperation) (at ./Library/PackageCache/com.daniel-geo.unityhackatime@5ac210a9a287/Editor/Plugin.cs:176)
UnityEngine.AsyncOperation:InvokeCompletionEvent ()

(Filename: ./Library/PackageCache/com.daniel-geo.unityhackatime@5ac210a9a287/Editor/Plugin.cs Line: 203)

Unloading 6876 unused Assets / (5.0 MB). Loaded Objects now: 7771.
Memory consumption went from 162.3 MB to 157.3 MB.
Total: 11.818100 ms (FindLiveObjects: 0.731900 ms CreateObjectMapping: 0.663900 ms MarkObjects: 5.184300 ms  DeleteObjects: 5.235400 ms)

Prepare: number of updated asset objects reloaded= 0
========================================================================
Received Prepare
Begin MonoManager ReloadAssembly
[Licensing::Client] Successfully resolved entitlement details
- Loaded All Assemblies, in  0.723 seconds
Refreshing native plugins compatible for Editor in 1.19 ms, found 4 plugins.
Native extension for WindowsStandalone target not found
Native extension for WebGL target not found
[Package Manager] Failed to launch server process. Reason: Unity was launched with the -noUpm command-line argument
[Package Manager] Unable to send message (not connected to server process).
[Package Manager] Cannot connect to Unity Package Manager local server
<HackaTime> Initializing...
UnityEngine.Debug:ExtractStackTraceNoAlloc (byte*,int,string)
UnityEngine.StackTraceUtility:ExtractStackTrace ()
UnityEngine.DebugLogHandler:Internal_Log (UnityEngine.LogType,UnityEngine.LogOption,string,UnityEngine.Object)
UnityEngine.DebugLogHandler:LogFormat (UnityEngine.LogType,UnityEngine.Object,string,object[])
UnityEngine.Logger:Log (UnityEngine.LogType,object)
UnityEngine.Debug:Log (object)
WakaTime.Plugin:Initialize () (at ./Library/PackageCache/com.daniel-geo.unityhackatime@5ac210a9a287/Editor/Plugin.cs:76)
WakaTime.Plugin:.cctor () (at ./Library/PackageCache/com.daniel-geo.unityhackatime@5ac210a9a287/Editor/Plugin.cs:41)
System.Runtime.CompilerServices.RuntimeHelpers:RunClassConstructor (System.RuntimeTypeHandle)
UnityEditor.EditorAssemblies:ProcessInitializeOnLoadAttributes (System.Type[])

(Filename: ./Library/PackageCache/com.daniel-geo.unityhackatime@5ac210a9a287/Editor/Plugin.cs Line: 76)

<HackaTime> Sending heartbeat...
UnityEngine.Debug:ExtractStackTraceNoAlloc (byte*,int,string)
UnityEngine.StackTraceUtility:ExtractStackTrace ()
UnityEngine.DebugLogHandler:Internal_Log (UnityEngine.LogType,UnityEngine.LogOption,string,UnityEngine.Object)
UnityEngine.DebugLogHandler:LogFormat (UnityEngine.LogType,UnityEngine.Object,string,object[])
UnityEngine.Logger:Log (UnityEngine.LogType,object)
UnityEngine.Debug:Log (object)
WakaTime.Plugin/<SendHeartbeat>d__29:MoveNext () (at ./Library/PackageCache/com.daniel-geo.unityhackatime@5ac210a9a287/Editor/Plugin.cs:144)
System.Runtime.CompilerServices.AsyncVoidMethodBuilder:Start<WakaTime.Plugin/<SendHeartbeat>d__29> (WakaTime.Plugin/<SendHeartbeat>d__29&)
WakaTime.Plugin:SendHeartbeat (bool)
WakaTime.Plugin:Initialize () (at ./Library/PackageCache/com.daniel-geo.unityhackatime@5ac210a9a287/Editor/Plugin.cs:78)
WakaTime.Plugin:.cctor () (at ./Library/PackageCache/com.daniel-geo.unityhackatime@5ac210a9a287/Editor/Plugin.cs:41)
System.Runtime.CompilerServices.RuntimeHelpers:RunClassConstructor (System.RuntimeTypeHandle)
UnityEditor.EditorAssemblies:ProcessInitializeOnLoadAttributes (System.Type[])

(Filename: ./Library/PackageCache/com.daniel-geo.unityhackatime@5ac210a9a287/Editor/Plugin.cs Line: 144)

Mono: successfully reloaded assembly
- Finished resetting the current domain, in  0.688 seconds
Domain Reload Profiling: 1409ms
	BeginReloadAssembly (214ms)
		ExecutionOrderSort (0ms)
		DisableScriptedObjects (13ms)
		BackupInstance (0ms)
		ReleaseScriptingObjects (0ms)
		CreateAndSetChildDomain (48ms)
	RebuildCommonClasses (33ms)
	RebuildNativeTypeToScriptingClass (13ms)
	initialDomainReloadingComplete (28ms)
	LoadAllAssembliesAndSetupDomain (433ms)
		LoadAssemblies (353ms)
		RebuildTransferFunctionScriptingTraits (0ms)
		AnalyzeDomain (175ms)
			TypeCache.Refresh (7ms)
				TypeCache.ScanAssembly (0ms)
			BuildScriptInfoCaches (155ms)
			ResolveRequiredComponents (8ms)
	FinalizeReload (688ms)
		ReleaseScriptCaches (0ms)
		RebuildScriptCaches (0ms)
		SetupLoadedEditorAssemblies (547ms)
			LogAssemblyErrors (0ms)
			InitializePlatformSupportModulesInManaged (2ms)
			SetLoadedEditorAssemblies (5ms)
			BeforeProcessingInitializeOnLoad (136ms)
			ProcessInitializeOnLoadAttributes (327ms)
			ProcessInitializeOnLoadMethodAttributes (70ms)
			AfterProcessingInitializeOnLoad (6ms)
			EditorAssembliesLoaded (0ms)
		ExecutionOrderSort2 (0ms)
		AwakeInstancesAfterBackupRestoration (12ms)
Refreshing native plugins compatible for Editor in 1.61 ms, found 4 plugins.
Preloading 0 native plugins for Editor in 0.00 ms.
Unloading 16 Unused Serialized files (Serialized files now loaded: 0)
<HackaTime> Got response
{"id":1653620409,"user_id":7870,"branch":"main","category":"coding","dependencies":[],"editor":"","entity":"Unsaved Scene","language":"unity","machine":null,"operating_system":"","project":"magicExplorer","type":"file","user_agent":"unity-hackatime","line_additions":null,"line_deletions":null,"lineno":null,"lines":null,"cursorpos":null,"project_root_count":null,"time":1771758720.0,"is_write":false,"created_at":"2026-02-22T11:12:52.749Z","updated_at":"2026-02-22T11:12:52.750Z","fields_hash":"5b5bfd211c9494735723d46c898b935a","source_type":"direct_entry","ip_address":"2.34.183.101","ysws_program":"nothing","deleted_at":null,"raw_data":null,"raw_heartbeat_upload_id":199424912}
UnityEngine.Debug:ExtractStackTraceNoAlloc (byte*,int,string)
UnityEngine.StackTraceUtility:ExtractStackTrace ()
UnityEngine.DebugLogHandler:Internal_Log (UnityEngine.LogType,UnityEngine.LogOption,string,UnityEngine.Object)
UnityEngine.DebugLogHandler:LogFormat (UnityEngine.LogType,UnityEngine.Object,string,object[])
UnityEngine.Logger:Log (UnityEngine.LogType,object)
UnityEngine.Debug:Log (object)
WakaTime.Plugin/<SendHeartbeat>d__29:MoveNext () (at ./Library/PackageCache/com.daniel-geo.unityhackatime@5ac210a9a287/Editor/Plugin.cs:187)
System.Runtime.CompilerServices.AsyncMethodBuilderCore/MoveNextRunner:InvokeMoveNext (object)
System.Threading.ExecutionContext:RunInternal (System.Threading.ExecutionContext,System.Threading.ContextCallback,object,bool)
System.Threading.ExecutionContext:Run (System.Threading.ExecutionContext,System.Threading.ContextCallback,object,bool)
System.Runtime.CompilerServices.AsyncMethodBuilderCore/MoveNextRunner:Run ()
System.Threading.Tasks.AwaitTaskContinuation:InvokeAction (object)
System.Threading.Tasks.AwaitTaskContinuation:RunCallback (System.Threading.ContextCallback,object,System.Threading.Tasks.Task&)
System.Threading.Tasks.SynchronizationContextAwaitTaskContinuation:Run (System.Threading.Tasks.Task,bool)
System.Threading.Tasks.Task:FinishContinuations ()
System.Threading.Tasks.Task:FinishStageThree ()
System.Threading.Tasks.Task`1<bool>:TrySetResult (bool)
System.Threading.Tasks.TaskCompletionSource`1<bool>:TrySetResult (bool)
WakaTime.Plugin/<>c__DisplayClass29_0:<SendHeartbeat>b__0 (UnityEngine.AsyncOperation) (at ./Library/PackageCache/com.daniel-geo.unityhackatime@5ac210a9a287/Editor/Plugin.cs:176)
UnityEngine.AsyncOperation:InvokeCompletionEvent ()

(Filename: ./Library/PackageCache/com.daniel-geo.unityhackatime@5ac210a9a287/Editor/Plugin.cs Line: 187)

<HackaTime> Sent heartbeat!
UnityEngine.Debug:ExtractStackTraceNoAlloc (byte*,int,string)
UnityEngine.StackTraceUtility:ExtractStackTrace ()
UnityEngine.DebugLogHandler:Internal_Log (UnityEngine.LogType,UnityEngine.LogOption,string,UnityEngine.Object)
UnityEngine.DebugLogHandler:LogFormat (UnityEngine.LogType,UnityEngine.Object,string,object[])
UnityEngine.Logger:Log (UnityEngine.LogType,object)
UnityEngine.Debug:Log (object)
WakaTime.Plugin/<SendHeartbeat>d__29:MoveNext () (at ./Library/PackageCache/com.daniel-geo.unityhackatime@5ac210a9a287/Editor/Plugin.cs:203)
System.Runtime.CompilerServices.AsyncMethodBuilderCore/MoveNextRunner:InvokeMoveNext (object)
System.Threading.ExecutionContext:RunInternal (System.Threading.ExecutionContext,System.Threading.ContextCallback,object,bool)
System.Threading.ExecutionContext:Run (System.Threading.ExecutionContext,System.Threading.ContextCallback,object,bool)
System.Runtime.CompilerServices.AsyncMethodBuilderCore/MoveNextRunner:Run ()
System.Threading.Tasks.AwaitTaskContinuation:InvokeAction (object)
System.Threading.Tasks.AwaitTaskContinuation:RunCallback (System.Threading.ContextCallback,object,System.Threading.Tasks.Task&)
System.Threading.Tasks.SynchronizationContextAwaitTaskContinuation:Run (System.Threading.Tasks.Task,bool)
System.Threading.Tasks.Task:FinishContinuations ()
System.Threading.Tasks.Task:FinishStageThree ()
System.Threading.Tasks.Task`1<bool>:TrySetResult (bool)
System.Threading.Tasks.TaskCompletionSource`1<bool>:TrySetResult (bool)
WakaTime.Plugin/<>c__DisplayClass29_0:<SendHeartbeat>b__0 (UnityEngine.AsyncOperation) (at ./Library/PackageCache/com.daniel-geo.unityhackatime@5ac210a9a287/Editor/Plugin.cs:176)
UnityEngine.AsyncOperation:InvokeCompletionEvent ()

(Filename: ./Library/PackageCache/com.daniel-geo.unityhackatime@5ac210a9a287/Editor/Plugin.cs Line: 203)

Unloading 6876 unused Assets / (4.6 MB). Loaded Objects now: 7774.
Memory consumption went from 162.3 MB to 157.7 MB.
Total: 9.622800 ms (FindLiveObjects: 0.582900 ms CreateObjectMapping: 0.393000 ms MarkObjects: 5.248300 ms  DeleteObjects: 3.396300 ms)

Prepare: number of updated asset objects reloaded= 0
========================================================================
Received Prepare
Begin MonoManager ReloadAssembly
- Loaded All Assemblies, in  0.728 seconds
Refreshing native plugins compatible for Editor in 1.16 ms, found 4 plugins.
Native extension for WindowsStandalone target not found
Native extension for WebGL target not found
[Package Manager] Failed to launch server process. Reason: Unity was launched with the -noUpm command-line argument
[Package Manager] Unable to send message (not connected to server process).
[Package Manager] Cannot connect to Unity Package Manager local server
<HackaTime> Initializing...
UnityEngine.Debug:ExtractStackTraceNoAlloc (byte*,int,string)
UnityEngine.StackTraceUtility:ExtractStackTrace ()
UnityEngine.DebugLogHandler:Internal_Log (UnityEngine.LogType,UnityEngine.LogOption,string,UnityEngine.Object)
UnityEngine.DebugLogHandler:LogFormat (UnityEngine.LogType,UnityEngine.Object,string,object[])
UnityEngine.Logger:Log (UnityEngine.LogType,object)
UnityEngine.Debug:Log (object)
WakaTime.Plugin:Initialize () (at ./Library/PackageCache/com.daniel-geo.unityhackatime@5ac210a9a287/Editor/Plugin.cs:76)
WakaTime.Plugin:.cctor () (at ./Library/PackageCache/com.daniel-geo.unityhackatime@5ac210a9a287/Editor/Plugin.cs:41)
System.Runtime.CompilerServices.RuntimeHelpers:RunClassConstructor (System.RuntimeTypeHandle)
UnityEditor.EditorAssemblies:ProcessInitializeOnLoadAttributes (System.Type[])

(Filename: ./Library/PackageCache/com.daniel-geo.unityhackatime@5ac210a9a287/Editor/Plugin.cs Line: 76)

<HackaTime> Sending heartbeat...
UnityEngine.Debug:ExtractStackTraceNoAlloc (byte*,int,string)
UnityEngine.StackTraceUtility:ExtractStackTrace ()
UnityEngine.DebugLogHandler:Internal_Log (UnityEngine.LogType,UnityEngine.LogOption,string,UnityEngine.Object)
UnityEngine.DebugLogHandler:LogFormat (UnityEngine.LogType,UnityEngine.Object,string,object[])
UnityEngine.Logger:Log (UnityEngine.LogType,object)
UnityEngine.Debug:Log (object)
WakaTime.Plugin/<SendHeartbeat>d__29:MoveNext () (at ./Library/PackageCache/com.daniel-geo.unityhackatime@5ac210a9a287/Editor/Plugin.cs:144)
System.Runtime.CompilerServices.AsyncVoidMethodBuilder:Start<WakaTime.Plugin/<SendHeartbeat>d__29> (WakaTime.Plugin/<SendHeartbeat>d__29&)
WakaTime.Plugin:SendHeartbeat (bool)
WakaTime.Plugin:Initialize () (at ./Library/PackageCache/com.daniel-geo.unityhackatime@5ac210a9a287/Editor/Plugin.cs:78)
WakaTime.Plugin:.cctor () (at ./Library/PackageCache/com.daniel-geo.unityhackatime@5ac210a9a287/Editor/Plugin.cs:41)
System.Runtime.CompilerServices.RuntimeHelpers:RunClassConstructor (System.RuntimeTypeHandle)
UnityEditor.EditorAssemblies:ProcessInitializeOnLoadAttributes (System.Type[])

(Filename: ./Library/PackageCache/com.daniel-geo.unityhackatime@5ac210a9a287/Editor/Plugin.cs Line: 144)

Mono: successfully reloaded assembly
- Finished resetting the current domain, in  0.900 seconds
Domain Reload Profiling: 1628ms
	BeginReloadAssembly (202ms)
		ExecutionOrderSort (0ms)
		DisableScriptedObjects (13ms)
		BackupInstance (0ms)
		ReleaseScriptingObjects (0ms)
		CreateAndSetChildDomain (51ms)
	RebuildCommonClasses (34ms)
	RebuildNativeTypeToScriptingClass (12ms)
	initialDomainReloadingComplete (27ms)
	LoadAllAssembliesAndSetupDomain (452ms)
		LoadAssemblies (345ms)
		RebuildTransferFunctionScriptingTraits (0ms)
		AnalyzeDomain (190ms)
			TypeCache.Refresh (7ms)
				TypeCache.ScanAssembly (0ms)
			BuildScriptInfoCaches (167ms)
			ResolveRequiredComponents (10ms)
	FinalizeReload (901ms)
		ReleaseScriptCaches (0ms)
		RebuildScriptCaches (0ms)
		SetupLoadedEditorAssemblies (732ms)
			LogAssemblyErrors (0ms)
			InitializePlatformSupportModulesInManaged (2ms)
			SetLoadedEditorAssemblies (8ms)
			BeforeProcessingInitializeOnLoad (184ms)
			ProcessInitializeOnLoadAttributes (426ms)
			ProcessInitializeOnLoadMethodAttributes (101ms)
			AfterProcessingInitializeOnLoad (9ms)
			EditorAssembliesLoaded (0ms)
		ExecutionOrderSort2 (0ms)
		AwakeInstancesAfterBackupRestoration (19ms)
Refreshing native plugins compatible for Editor in 2.22 ms, found 4 plugins.
Preloading 0 native plugins for Editor in 0.00 ms.
Unloading 16 Unused Serialized files (Serialized files now loaded: 0)
<HackaTime> Got response
{"id":1653620916,"user_id":7870,"branch":"main","category":"coding","dependencies":[],"editor":"","entity":"Unsaved Scene","language":"unity","machine":null,"operating_system":"","project":"magicExplorer","type":"file","user_agent":"unity-hackatime","line_additions":null,"line_deletions":null,"lineno":null,"lines":null,"cursorpos":null,"project_root_count":null,"time":1771758848.0,"is_write":false,"created_at":"2026-02-22T11:13:20.640Z","updated_at":"2026-02-22T11:13:20.642Z","fields_hash":"fa9264fbc19eab8947f68660f8a0ee93","source_type":"direct_entry","ip_address":"2.34.183.101","ysws_program":"nothing","deleted_at":null,"raw_data":null,"raw_heartbeat_upload_id":199425101}
UnityEngine.Debug:ExtractStackTraceNoAlloc (byte*,int,string)
UnityEngine.StackTraceUtility:ExtractStackTrace ()
UnityEngine.DebugLogHandler:Internal_Log (UnityEngine.LogType,UnityEngine.LogOption,string,UnityEngine.Object)
UnityEngine.DebugLogHandler:LogFormat (UnityEngine.LogType,UnityEngine.Object,string,object[])
UnityEngine.Logger:Log (UnityEngine.LogType,object)
UnityEngine.Debug:Log (object)
WakaTime.Plugin/<SendHeartbeat>d__29:MoveNext () (at ./Library/PackageCache/com.daniel-geo.unityhackatime@5ac210a9a287/Editor/Plugin.cs:187)
System.Runtime.CompilerServices.AsyncMethodBuilderCore/MoveNextRunner:InvokeMoveNext (object)
System.Threading.ExecutionContext:RunInternal (System.Threading.ExecutionContext,System.Threading.ContextCallback,object,bool)
System.Threading.ExecutionContext:Run (System.Threading.ExecutionContext,System.Threading.ContextCallback,object,bool)
System.Runtime.CompilerServices.AsyncMethodBuilderCore/MoveNextRunner:Run ()
System.Threading.Tasks.AwaitTaskContinuation:InvokeAction (object)
System.Threading.Tasks.AwaitTaskContinuation:RunCallback (System.Threading.ContextCallback,object,System.Threading.Tasks.Task&)
System.Threading.Tasks.SynchronizationContextAwaitTaskContinuation:Run (System.Threading.Tasks.Task,bool)
System.Threading.Tasks.Task:FinishContinuations ()
System.Threading.Tasks.Task:FinishStageThree ()
System.Threading.Tasks.Task`1<bool>:TrySetResult (bool)
System.Threading.Tasks.TaskCompletionSource`1<bool>:TrySetResult (bool)
WakaTime.Plugin/<>c__DisplayClass29_0:<SendHeartbeat>b__0 (UnityEngine.AsyncOperation) (at ./Library/PackageCache/com.daniel-geo.unityhackatime@5ac210a9a287/Editor/Plugin.cs:176)
UnityEngine.AsyncOperation:InvokeCompletionEvent ()

(Filename: ./Library/PackageCache/com.daniel-geo.unityhackatime@5ac210a9a287/Editor/Plugin.cs Line: 187)

<HackaTime> Sent heartbeat!
UnityEngine.Debug:ExtractStackTraceNoAlloc (byte*,int,string)
UnityEngine.StackTraceUtility:ExtractStackTrace ()
UnityEngine.DebugLogHandler:Internal_Log (UnityEngine.LogType,UnityEngine.LogOption,string,UnityEngine.Object)
UnityEngine.DebugLogHandler:LogFormat (UnityEngine.LogType,UnityEngine.Object,string,object[])
UnityEngine.Logger:Log (UnityEngine.LogType,object)
UnityEngine.Debug:Log (object)
WakaTime.Plugin/<SendHeartbeat>d__29:MoveNext () (at ./Library/PackageCache/com.daniel-geo.unityhackatime@5ac210a9a287/Editor/Plugin.cs:203)
System.Runtime.CompilerServices.AsyncMethodBuilderCore/MoveNextRunner:InvokeMoveNext (object)
System.Threading.ExecutionContext:RunInternal (System.Threading.ExecutionContext,System.Threading.ContextCallback,object,bool)
System.Threading.ExecutionContext:Run (System.Threading.ExecutionContext,System.Threading.ContextCallback,object,bool)
System.Runtime.CompilerServices.AsyncMethodBuilderCore/MoveNextRunner:Run ()
System.Threading.Tasks.AwaitTaskContinuation:InvokeAction (object)
System.Threading.Tasks.AwaitTaskContinuation:RunCallback (System.Threading.ContextCallback,object,System.Threading.Tasks.Task&)
System.Threading.Tasks.SynchronizationContextAwaitTaskContinuation:Run (System.Threading.Tasks.Task,bool)
System.Threading.Tasks.Task:FinishContinuations ()
System.Threading.Tasks.Task:FinishStageThree ()
System.Threading.Tasks.Task`1<bool>:TrySetResult (bool)
System.Threading.Tasks.TaskCompletionSource`1<bool>:TrySetResult (bool)
WakaTime.Plugin/<>c__DisplayClass29_0:<SendHeartbeat>b__0 (UnityEngine.AsyncOperation) (at ./Library/PackageCache/com.daniel-geo.unityhackatime@5ac210a9a287/Editor/Plugin.cs:176)
UnityEngine.AsyncOperation:InvokeCompletionEvent ()

(Filename: ./Library/PackageCache/com.daniel-geo.unityhackatime@5ac210a9a287/Editor/Plugin.cs Line: 203)

Unloading 6876 unused Assets / (5.4 MB). Loaded Objects now: 7777.
Memory consumption went from 162.4 MB to 157.0 MB.
Total: 11.184800 ms (FindLiveObjects: 0.617000 ms CreateObjectMapping: 0.474500 ms MarkObjects: 6.084400 ms  DeleteObjects: 4.007100 ms)

Prepare: number of updated asset objects reloaded= 0
========================================================================
Received Prepare
Begin MonoManager ReloadAssembly
[Licensing::Client] Successfully resolved entitlement details
- Loaded All Assemblies, in  0.729 seconds
Refreshing native plugins compatible for Editor in 1.25 ms, found 4 plugins.
Native extension for WindowsStandalone target not found
Native extension for WebGL target not found
[Package Manager] Failed to launch server process. Reason: Unity was launched with the -noUpm command-line argument
[Package Manager] Unable to send message (not connected to server process).
[Package Manager] Cannot connect to Unity Package Manager local server
<HackaTime> Initializing...
UnityEngine.Debug:ExtractStackTraceNoAlloc (byte*,int,string)
UnityEngine.StackTraceUtility:ExtractStackTrace ()
UnityEngine.DebugLogHandler:Internal_Log (UnityEngine.LogType,UnityEngine.LogOption,string,UnityEngine.Object)
UnityEngine.DebugLogHandler:LogFormat (UnityEngine.LogType,UnityEngine.Object,string,object[])
UnityEngine.Logger:Log (UnityEngine.LogType,object)
UnityEngine.Debug:Log (object)
WakaTime.Plugin:Initialize () (at ./Library/PackageCache/com.daniel-geo.unityhackatime@5ac210a9a287/Editor/Plugin.cs:76)
WakaTime.Plugin:.cctor () (at ./Library/PackageCache/com.daniel-geo.unityhackatime@5ac210a9a287/Editor/Plugin.cs:41)
System.Runtime.CompilerServices.RuntimeHelpers:RunClassConstructor (System.RuntimeTypeHandle)
UnityEditor.EditorAssemblies:ProcessInitializeOnLoadAttributes (System.Type[])

(Filename: ./Library/PackageCache/com.daniel-geo.unityhackatime@5ac210a9a287/Editor/Plugin.cs Line: 76)

<HackaTime> Sending heartbeat...
UnityEngine.Debug:ExtractStackTraceNoAlloc (byte*,int,string)
UnityEngine.StackTraceUtility:ExtractStackTrace ()
UnityEngine.DebugLogHandler:Internal_Log (UnityEngine.LogType,UnityEngine.LogOption,string,UnityEngine.Object)
UnityEngine.DebugLogHandler:LogFormat (UnityEngine.LogType,UnityEngine.Object,string,object[])
UnityEngine.Logger:Log (UnityEngine.LogType,object)
UnityEngine.Debug:Log (object)
WakaTime.Plugin/<SendHeartbeat>d__29:MoveNext () (at ./Library/PackageCache/com.daniel-geo.unityhackatime@5ac210a9a287/Editor/Plugin.cs:144)
System.Runtime.CompilerServices.AsyncVoidMethodBuilder:Start<WakaTime.Plugin/<SendHeartbeat>d__29> (WakaTime.Plugin/<SendHeartbeat>d__29&)
WakaTime.Plugin:SendHeartbeat (bool)
WakaTime.Plugin:Initialize () (at ./Library/PackageCache/com.daniel-geo.unityhackatime@5ac210a9a287/Editor/Plugin.cs:78)
WakaTime.Plugin:.cctor () (at ./Library/PackageCache/com.daniel-geo.unityhackatime@5ac210a9a287/Editor/Plugin.cs:41)
System.Runtime.CompilerServices.RuntimeHelpers:RunClassConstructor (System.RuntimeTypeHandle)
UnityEditor.EditorAssemblies:ProcessInitializeOnLoadAttributes (System.Type[])

(Filename: ./Library/PackageCache/com.daniel-geo.unityhackatime@5ac210a9a287/Editor/Plugin.cs Line: 144)

Mono: successfully reloaded assembly
- Finished resetting the current domain, in  0.689 seconds
Domain Reload Profiling: 1417ms
	BeginReloadAssembly (216ms)
		ExecutionOrderSort (0ms)
		DisableScriptedObjects (18ms)
		BackupInstance (0ms)
		ReleaseScriptingObjects (0ms)
		CreateAndSetChildDomain (50ms)
	RebuildCommonClasses (40ms)
	RebuildNativeTypeToScriptingClass (11ms)
	initialDomainReloadingComplete (26ms)
	LoadAllAssembliesAndSetupDomain (435ms)
		LoadAssemblies (345ms)
		RebuildTransferFunctionScriptingTraits (0ms)
		AnalyzeDomain (177ms)
			TypeCache.Refresh (9ms)
				TypeCache.ScanAssembly (0ms)
			BuildScriptInfoCaches (155ms)
			ResolveRequiredComponents (8ms)
	FinalizeReload (689ms)
		ReleaseScriptCaches (0ms)
		RebuildScriptCaches (0ms)
		SetupLoadedEditorAssemblies (554ms)
			LogAssemblyErrors (0ms)
			InitializePlatformSupportModulesInManaged (2ms)
			SetLoadedEditorAssemblies (6ms)
			BeforeProcessingInitializeOnLoad (130ms)
			ProcessInitializeOnLoadAttributes (318ms)
			ProcessInitializeOnLoadMethodAttributes (89ms)
			AfterProcessingInitializeOnLoad (7ms)
			EditorAssembliesLoaded (0ms)
		ExecutionOrderSort2 (0ms)
		AwakeInstancesAfterBackupRestoration (14ms)
Refreshing native plugins compatible for Editor in 1.18 ms, found 4 plugins.
Preloading 0 native plugins for Editor in 0.00 ms.
Unloading 16 Unused Serialized files (Serialized files now loaded: 0)
<HackaTime> Got response
{"id":1653624847,"user_id":7870,"branch":"main","category":"coding","dependencies":[],"editor":"","entity":"Unsaved Scene","language":"unity","machine":null,"operating_system":"","project":"magicExplorer","type":"file","user_agent":"unity-hackatime","line_additions":null,"line_deletions":null,"lineno":null,"lines":null,"cursorpos":null,"project_root_count":null,"time":1771758976.0,"is_write":false,"created_at":"2026-02-22T11:16:32.164Z","updated_at":"2026-02-22T11:16:32.165Z","fields_hash":"e039afa4be34c5d707f01579ef379aed","source_type":"direct_entry","ip_address":"2.34.183.101","ysws_program":"nothing","deleted_at":null,"raw_data":null,"raw_heartbeat_upload_id":199426535}
UnityEngine.Debug:ExtractStackTraceNoAlloc (byte*,int,string)
UnityEngine.StackTraceUtility:ExtractStackTrace ()
UnityEngine.DebugLogHandler:Internal_Log (UnityEngine.LogType,UnityEngine.LogOption,string,UnityEngine.Object)
UnityEngine.DebugLogHandler:LogFormat (UnityEngine.LogType,UnityEngine.Object,string,object[])
UnityEngine.Logger:Log (UnityEngine.LogType,object)
UnityEngine.Debug:Log (object)
WakaTime.Plugin/<SendHeartbeat>d__29:MoveNext () (at ./Library/PackageCache/com.daniel-geo.unityhackatime@5ac210a9a287/Editor/Plugin.cs:187)
System.Runtime.CompilerServices.AsyncMethodBuilderCore/MoveNextRunner:InvokeMoveNext (object)
System.Threading.ExecutionContext:RunInternal (System.Threading.ExecutionContext,System.Threading.ContextCallback,object,bool)
System.Threading.ExecutionContext:Run (System.Threading.ExecutionContext,System.Threading.ContextCallback,object,bool)
System.Runtime.CompilerServices.AsyncMethodBuilderCore/MoveNextRunner:Run ()
System.Threading.Tasks.AwaitTaskContinuation:InvokeAction (object)
System.Threading.Tasks.AwaitTaskContinuation:RunCallback (System.Threading.ContextCallback,object,System.Threading.Tasks.Task&)
System.Threading.Tasks.SynchronizationContextAwaitTaskContinuation:Run (System.Threading.Tasks.Task,bool)
System.Threading.Tasks.Task:FinishContinuations ()
System.Threading.Tasks.Task:FinishStageThree ()
System.Threading.Tasks.Task`1<bool>:TrySetResult (bool)
System.Threading.Tasks.TaskCompletionSource`1<bool>:TrySetResult (bool)
WakaTime.Plugin/<>c__DisplayClass29_0:<SendHeartbeat>b__0 (UnityEngine.AsyncOperation) (at ./Library/PackageCache/com.daniel-geo.unityhackatime@5ac210a9a287/Editor/Plugin.cs:176)
UnityEngine.AsyncOperation:InvokeCompletionEvent ()

(Filename: ./Library/PackageCache/com.daniel-geo.unityhackatime@5ac210a9a287/Editor/Plugin.cs Line: 187)

<HackaTime> Sent heartbeat!
UnityEngine.Debug:ExtractStackTraceNoAlloc (byte*,int,string)
UnityEngine.StackTraceUtility:ExtractStackTrace ()
UnityEngine.DebugLogHandler:Internal_Log (UnityEngine.LogType,UnityEngine.LogOption,string,UnityEngine.Object)
UnityEngine.DebugLogHandler:LogFormat (UnityEngine.LogType,UnityEngine.Object,string,object[])
UnityEngine.Logger:Log (UnityEngine.LogType,object)
UnityEngine.Debug:Log (object)
WakaTime.Plugin/<SendHeartbeat>d__29:MoveNext () (at ./Library/PackageCache/com.daniel-geo.unityhackatime@5ac210a9a287/Editor/Plugin.cs:203)
System.Runtime.CompilerServices.AsyncMethodBuilderCore/MoveNextRunner:InvokeMoveNext (object)
System.Threading.ExecutionContext:RunInternal (System.Threading.ExecutionContext,System.Threading.ContextCallback,object,bool)
System.Threading.ExecutionContext:Run (System.Threading.ExecutionContext,System.Threading.ContextCallback,object,bool)
System.Runtime.CompilerServices.AsyncMethodBuilderCore/MoveNextRunner:Run ()
System.Threading.Tasks.AwaitTaskContinuation:InvokeAction (object)
System.Threading.Tasks.AwaitTaskContinuation:RunCallback (System.Threading.ContextCallback,object,System.Threading.Tasks.Task&)
System.Threading.Tasks.SynchronizationContextAwaitTaskContinuation:Run (System.Threading.Tasks.Task,bool)
System.Threading.Tasks.Task:FinishContinuations ()
System.Threading.Tasks.Task:FinishStageThree ()
System.Threading.Tasks.Task`1<bool>:TrySetResult (bool)
System.Threading.Tasks.TaskCompletionSource`1<bool>:TrySetResult (bool)
WakaTime.Plugin/<>c__DisplayClass29_0:<SendHeartbeat>b__0 (UnityEngine.AsyncOperation) (at ./Library/PackageCache/com.daniel-geo.unityhackatime@5ac210a9a287/Editor/Plugin.cs:176)
UnityEngine.AsyncOperation:InvokeCompletionEvent ()

(Filename: ./Library/PackageCache/com.daniel-geo.unityhackatime@5ac210a9a287/Editor/Plugin.cs Line: 203)

Unloading 6876 unused Assets / (4.6 MB). Loaded Objects now: 7780.
Memory consumption went from 162.4 MB to 157.8 MB.
Total: 9.749900 ms (FindLiveObjects: 0.587800 ms CreateObjectMapping: 0.394500 ms MarkObjects: 6.488600 ms  DeleteObjects: 2.276500 ms)

Prepare: number of updated asset objects reloaded= 0
========================================================================
Received Prepare
Begin MonoManager ReloadAssembly
- Loaded All Assemblies, in  0.738 seconds
Refreshing native plugins compatible for Editor in 1.20 ms, found 4 plugins.
Native extension for WindowsStandalone target not found
Native extension for WebGL target not found
[Package Manager] Failed to launch server process. Reason: Unity was launched with the -noUpm command-line argument
[Package Manager] Unable to send message (not connected to server process).
[Package Manager] Cannot connect to Unity Package Manager local server
<HackaTime> Initializing...
UnityEngine.Debug:ExtractStackTraceNoAlloc (byte*,int,string)
UnityEngine.StackTraceUtility:ExtractStackTrace ()
UnityEngine.DebugLogHandler:Internal_Log (UnityEngine.LogType,UnityEngine.LogOption,string,UnityEngine.Object)
UnityEngine.DebugLogHandler:LogFormat (UnityEngine.LogType,UnityEngine.Object,string,object[])
UnityEngine.Logger:Log (UnityEngine.LogType,object)
UnityEngine.Debug:Log (object)
WakaTime.Plugin:Initialize () (at ./Library/PackageCache/com.daniel-geo.unityhackatime@5ac210a9a287/Editor/Plugin.cs:76)
WakaTime.Plugin:.cctor () (at ./Library/PackageCache/com.daniel-geo.unityhackatime@5ac210a9a287/Editor/Plugin.cs:41)
System.Runtime.CompilerServices.RuntimeHelpers:RunClassConstructor (System.RuntimeTypeHandle)
UnityEditor.EditorAssemblies:ProcessInitializeOnLoadAttributes (System.Type[])

(Filename: ./Library/PackageCache/com.daniel-geo.unityhackatime@5ac210a9a287/Editor/Plugin.cs Line: 76)

<HackaTime> Sending heartbeat...
UnityEngine.Debug:ExtractStackTraceNoAlloc (byte*,int,string)
UnityEngine.StackTraceUtility:ExtractStackTrace ()
UnityEngine.DebugLogHandler:Internal_Log (UnityEngine.LogType,UnityEngine.LogOption,string,UnityEngine.Object)
UnityEngine.DebugLogHandler:LogFormat (UnityEngine.LogType,UnityEngine.Object,string,object[])
UnityEngine.Logger:Log (UnityEngine.LogType,object)
UnityEngine.Debug:Log (object)
WakaTime.Plugin/<SendHeartbeat>d__29:MoveNext () (at ./Library/PackageCache/com.daniel-geo.unityhackatime@5ac210a9a287/Editor/Plugin.cs:144)
System.Runtime.CompilerServices.AsyncVoidMethodBuilder:Start<WakaTime.Plugin/<SendHeartbeat>d__29> (WakaTime.Plugin/<SendHeartbeat>d__29&)
WakaTime.Plugin:SendHeartbeat (bool)
WakaTime.Plugin:Initialize () (at ./Library/PackageCache/com.daniel-geo.unityhackatime@5ac210a9a287/Editor/Plugin.cs:78)
WakaTime.Plugin:.cctor () (at ./Library/PackageCache/com.daniel-geo.unityhackatime@5ac210a9a287/Editor/Plugin.cs:41)
System.Runtime.CompilerServices.RuntimeHelpers:RunClassConstructor (System.RuntimeTypeHandle)
UnityEditor.EditorAssemblies:ProcessInitializeOnLoadAttributes (System.Type[])

(Filename: ./Library/PackageCache/com.daniel-geo.unityhackatime@5ac210a9a287/Editor/Plugin.cs Line: 144)

Mono: successfully reloaded assembly
- Finished resetting the current domain, in  0.921 seconds
Domain Reload Profiling: 1658ms
	BeginReloadAssembly (202ms)
		ExecutionOrderSort (0ms)
		DisableScriptedObjects (12ms)
		BackupInstance (0ms)
		ReleaseScriptingObjects (0ms)
		CreateAndSetChildDomain (42ms)
	RebuildCommonClasses (35ms)
	RebuildNativeTypeToScriptingClass (17ms)
	initialDomainReloadingComplete (26ms)
	LoadAllAssembliesAndSetupDomain (455ms)
		LoadAssemblies (361ms)
		RebuildTransferFunctionScriptingTraits (0ms)
		AnalyzeDomain (185ms)
			TypeCache.Refresh (7ms)
				TypeCache.ScanAssembly (0ms)
			BuildScriptInfoCaches (165ms)
			ResolveRequiredComponents (8ms)
	FinalizeReload (921ms)
		ReleaseScriptCaches (0ms)
		RebuildScriptCaches (0ms)
		SetupLoadedEditorAssemblies (763ms)
			LogAssemblyErrors (0ms)
			InitializePlatformSupportModulesInManaged (2ms)
			SetLoadedEditorAssemblies (6ms)
			BeforeProcessingInitializeOnLoad (177ms)
			ProcessInitializeOnLoadAttributes (466ms)
			ProcessInitializeOnLoadMethodAttributes (101ms)
			AfterProcessingInitializeOnLoad (10ms)
			EditorAssembliesLoaded (0ms)
		ExecutionOrderSort2 (0ms)
		AwakeInstancesAfterBackupRestoration (19ms)
Refreshing native plugins compatible for Editor in 2.31 ms, found 4 plugins.
Preloading 0 native plugins for Editor in 0.00 ms.
Unloading 16 Unused Serialized files (Serialized files now loaded: 0)
<HackaTime> Got response
{"id":1653624847,"user_id":7870,"branch":"main","category":"coding","dependencies":[],"editor":"","entity":"Unsaved Scene","language":"unity","machine":null,"operating_system":"","project":"magicExplorer","type":"file","user_agent":"unity-hackatime","line_additions":null,"line_deletions":null,"lineno":null,"lines":null,"cursorpos":null,"project_root_count":null,"time":1771758976.0,"is_write":false,"created_at":"2026-02-22T11:16:32.164Z","updated_at":"2026-02-22T11:16:32.165Z","fields_hash":"e039afa4be34c5d707f01579ef379aed","source_type":"direct_entry","ip_address":"2.34.183.101","ysws_program":"nothing","deleted_at":null,"raw_data":null,"raw_heartbeat_upload_id":199426535}
UnityEngine.Debug:ExtractStackTraceNoAlloc (byte*,int,string)
UnityEngine.StackTraceUtility:ExtractStackTrace ()
UnityEngine.DebugLogHandler:Internal_Log (UnityEngine.LogType,UnityEngine.LogOption,string,UnityEngine.Object)
UnityEngine.DebugLogHandler:LogFormat (UnityEngine.LogType,UnityEngine.Object,string,object[])
UnityEngine.Logger:Log (UnityEngine.LogType,object)
UnityEngine.Debug:Log (object)
WakaTime.Plugin/<SendHeartbeat>d__29:MoveNext () (at ./Library/PackageCache/com.daniel-geo.unityhackatime@5ac210a9a287/Editor/Plugin.cs:187)
System.Runtime.CompilerServices.AsyncMethodBuilderCore/MoveNextRunner:InvokeMoveNext (object)
System.Threading.ExecutionContext:RunInternal (System.Threading.ExecutionContext,System.Threading.ContextCallback,object,bool)
System.Threading.ExecutionContext:Run (System.Threading.ExecutionContext,System.Threading.ContextCallback,object,bool)
System.Runtime.CompilerServices.AsyncMethodBuilderCore/MoveNextRunner:Run ()
System.Threading.Tasks.AwaitTaskContinuation:InvokeAction (object)
System.Threading.Tasks.AwaitTaskContinuation:RunCallback (System.Threading.ContextCallback,object,System.Threading.Tasks.Task&)
System.Threading.Tasks.SynchronizationContextAwaitTaskContinuation:Run (System.Threading.Tasks.Task,bool)
System.Threading.Tasks.Task:FinishContinuations ()
System.Threading.Tasks.Task:FinishStageThree ()
System.Threading.Tasks.Task`1<bool>:TrySetResult (bool)
System.Threading.Tasks.TaskCompletionSource`1<bool>:TrySetResult (bool)
WakaTime.Plugin/<>c__DisplayClass29_0:<SendHeartbeat>b__0 (UnityEngine.AsyncOperation) (at ./Library/PackageCache/com.daniel-geo.unityhackatime@5ac210a9a287/Editor/Plugin.cs:176)
UnityEngine.AsyncOperation:InvokeCompletionEvent ()

(Filename: ./Library/PackageCache/com.daniel-geo.unityhackatime@5ac210a9a287/Editor/Plugin.cs Line: 187)

<HackaTime> Sent heartbeat!
UnityEngine.Debug:ExtractStackTraceNoAlloc (byte*,int,string)
UnityEngine.StackTraceUtility:ExtractStackTrace ()
UnityEngine.DebugLogHandler:Internal_Log (UnityEngine.LogType,UnityEngine.LogOption,string,UnityEngine.Object)
UnityEngine.DebugLogHandler:LogFormat (UnityEngine.LogType,UnityEngine.Object,string,object[])
UnityEngine.Logger:Log (UnityEngine.LogType,object)
UnityEngine.Debug:Log (object)
WakaTime.Plugin/<SendHeartbeat>d__29:MoveNext () (at ./Library/PackageCache/com.daniel-geo.unityhackatime@5ac210a9a287/Editor/Plugin.cs:203)
System.Runtime.CompilerServices.AsyncMethodBuilderCore/MoveNextRunner:InvokeMoveNext (object)
System.Threading.ExecutionContext:RunInternal (System.Threading.ExecutionContext,System.Threading.ContextCallback,object,bool)
System.Threading.ExecutionContext:Run (System.Threading.ExecutionContext,System.Threading.ContextCallback,object,bool)
System.Runtime.CompilerServices.AsyncMethodBuilderCore/MoveNextRunner:Run ()
System.Threading.Tasks.AwaitTaskContinuation:InvokeAction (object)
System.Threading.Tasks.AwaitTaskContinuation:RunCallback (System.Threading.ContextCallback,object,System.Threading.Tasks.Task&)
System.Threading.Tasks.SynchronizationContextAwaitTaskContinuation:Run (System.Threading.Tasks.Task,bool)
System.Threading.Tasks.Task:FinishContinuations ()
System.Threading.Tasks.Task:FinishStageThree ()
System.Threading.Tasks.Task`1<bool>:TrySetResult (bool)
System.Threading.Tasks.TaskCompletionSource`1<bool>:TrySetResult (bool)
WakaTime.Plugin/<>c__DisplayClass29_0:<SendHeartbeat>b__0 (UnityEngine.AsyncOperation) (at ./Library/PackageCache/com.daniel-geo.unityhackatime@5ac210a9a287/Editor/Plugin.cs:176)
UnityEngine.AsyncOperation:InvokeCompletionEvent ()

(Filename: ./Library/PackageCache/com.daniel-geo.unityhackatime@5ac210a9a287/Editor/Plugin.cs Line: 203)

Unloading 6876 unused Assets / (4.6 MB). Loaded Objects now: 7783.
Memory consumption went from 162.5 MB to 157.9 MB.
Total: 12.567900 ms (FindLiveObjects: 0.723000 ms CreateObjectMapping: 0.513900 ms MarkObjects: 6.955800 ms  DeleteObjects: 4.372900 ms)

Prepare: number of updated asset objects reloaded= 0
========================================================================
Received Prepare
Begin MonoManager ReloadAssembly
[Licensing::Client] Successfully resolved entitlement details
- Loaded All Assemblies, in  0.766 seconds
Refreshing native plugins compatible for Editor in 1.31 ms, found 4 plugins.
Native extension for WindowsStandalone target not found
Native extension for WebGL target not found
[Package Manager] Failed to launch server process. Reason: Unity was launched with the -noUpm command-line argument
[Package Manager] Unable to send message (not connected to server process).
[Package Manager] Cannot connect to Unity Package Manager local server
<HackaTime> Initializing...
UnityEngine.Debug:ExtractStackTraceNoAlloc (byte*,int,string)
UnityEngine.StackTraceUtility:ExtractStackTrace ()
UnityEngine.DebugLogHandler:Internal_Log (UnityEngine.LogType,UnityEngine.LogOption,string,UnityEngine.Object)
UnityEngine.DebugLogHandler:LogFormat (UnityEngine.LogType,UnityEngine.Object,string,object[])
UnityEngine.Logger:Log (UnityEngine.LogType,object)
UnityEngine.Debug:Log (object)
WakaTime.Plugin:Initialize () (at ./Library/PackageCache/com.daniel-geo.unityhackatime@5ac210a9a287/Editor/Plugin.cs:76)
WakaTime.Plugin:.cctor () (at ./Library/PackageCache/com.daniel-geo.unityhackatime@5ac210a9a287/Editor/Plugin.cs:41)
System.Runtime.CompilerServices.RuntimeHelpers:RunClassConstructor (System.RuntimeTypeHandle)
UnityEditor.EditorAssemblies:ProcessInitializeOnLoadAttributes (System.Type[])

(Filename: ./Library/PackageCache/com.daniel-geo.unityhackatime@5ac210a9a287/Editor/Plugin.cs Line: 76)

<HackaTime> Sending heartbeat...
UnityEngine.Debug:ExtractStackTraceNoAlloc (byte*,int,string)
UnityEngine.StackTraceUtility:ExtractStackTrace ()
UnityEngine.DebugLogHandler:Internal_Log (UnityEngine.LogType,UnityEngine.LogOption,string,UnityEngine.Object)
UnityEngine.DebugLogHandler:LogFormat (UnityEngine.LogType,UnityEngine.Object,string,object[])
UnityEngine.Logger:Log (UnityEngine.LogType,object)
UnityEngine.Debug:Log (object)
WakaTime.Plugin/<SendHeartbeat>d__29:MoveNext () (at ./Library/PackageCache/com.daniel-geo.unityhackatime@5ac210a9a287/Editor/Plugin.cs:144)
System.Runtime.CompilerServices.AsyncVoidMethodBuilder:Start<WakaTime.Plugin/<SendHeartbeat>d__29> (WakaTime.Plugin/<SendHeartbeat>d__29&)
WakaTime.Plugin:SendHeartbeat (bool)
WakaTime.Plugin:Initialize () (at ./Library/PackageCache/com.daniel-geo.unityhackatime@5ac210a9a287/Editor/Plugin.cs:78)
WakaTime.Plugin:.cctor () (at ./Library/PackageCache/com.daniel-geo.unityhackatime@5ac210a9a287/Editor/Plugin.cs:41)
System.Runtime.CompilerServices.RuntimeHelpers:RunClassConstructor (System.RuntimeTypeHandle)
UnityEditor.EditorAssemblies:ProcessInitializeOnLoadAttributes (System.Type[])

(Filename: ./Library/PackageCache/com.daniel-geo.unityhackatime@5ac210a9a287/Editor/Plugin.cs Line: 144)

Mono: successfully reloaded assembly
- Finished resetting the current domain, in  0.864 seconds
Domain Reload Profiling: 1628ms
	BeginReloadAssembly (200ms)
		ExecutionOrderSort (0ms)
		DisableScriptedObjects (12ms)
		BackupInstance (0ms)
		ReleaseScriptingObjects (0ms)
		CreateAndSetChildDomain (44ms)
	RebuildCommonClasses (34ms)
	RebuildNativeTypeToScriptingClass (14ms)
	initialDomainReloadingComplete (30ms)
	LoadAllAssembliesAndSetupDomain (485ms)
		LoadAssemblies (360ms)
		RebuildTransferFunctionScriptingTraits (0ms)
		AnalyzeDomain (207ms)
			TypeCache.Refresh (7ms)
				TypeCache.ScanAssembly (0ms)
			BuildScriptInfoCaches (185ms)
			ResolveRequiredComponents (10ms)
	FinalizeReload (864ms)
		ReleaseScriptCaches (0ms)
		RebuildScriptCaches (0ms)
		SetupLoadedEditorAssemblies (697ms)
			LogAssemblyErrors (0ms)
			InitializePlatformSupportModulesInManaged (2ms)
			SetLoadedEditorAssemblies (4ms)
			BeforeProcessingInitializeOnLoad (166ms)
			ProcessInitializeOnLoadAttributes (421ms)
			ProcessInitializeOnLoadMethodAttributes (93ms)
			AfterProcessingInitializeOnLoad (10ms)
			EditorAssembliesLoaded (0ms)
		ExecutionOrderSort2 (0ms)
		AwakeInstancesAfterBackupRestoration (17ms)
Refreshing native plugins compatible for Editor in 2.22 ms, found 4 plugins.
Preloading 0 native plugins for Editor in 0.00 ms.
Unloading 16 Unused Serialized files (Serialized files now loaded: 0)
<HackaTime> Got response
{"id":1653626558,"user_id":7870,"branch":"main","category":"coding","dependencies":[],"editor":"","entity":"Unsaved Scene","language":"unity","machine":null,"operating_system":"","project":"magicExplorer","type":"file","user_agent":"unity-hackatime","line_additions":null,"line_deletions":null,"lineno":null,"lines":null,"cursorpos":null,"project_root_count":null,"time":1771759104.0,"is_write":false,"created_at":"2026-02-22T11:17:52.869Z","updated_at":"2026-02-22T11:17:52.870Z","fields_hash":"d4039e5fa95d9edf990bc3f335d01856","source_type":"direct_entry","ip_address":"2.34.183.101","ysws_program":"nothing","deleted_at":null,"raw_data":null,"raw_heartbeat_upload_id":199427178}
UnityEngine.Debug:ExtractStackTraceNoAlloc (byte*,int,string)
UnityEngine.StackTraceUtility:ExtractStackTrace ()
UnityEngine.DebugLogHandler:Internal_Log (UnityEngine.LogType,UnityEngine.LogOption,string,UnityEngine.Object)
UnityEngine.DebugLogHandler:LogFormat (UnityEngine.LogType,UnityEngine.Object,string,object[])
UnityEngine.Logger:Log (UnityEngine.LogType,object)
UnityEngine.Debug:Log (object)
WakaTime.Plugin/<SendHeartbeat>d__29:MoveNext () (at ./Library/PackageCache/com.daniel-geo.unityhackatime@5ac210a9a287/Editor/Plugin.cs:187)
System.Runtime.CompilerServices.AsyncMethodBuilderCore/MoveNextRunner:InvokeMoveNext (object)
System.Threading.ExecutionContext:RunInternal (System.Threading.ExecutionContext,System.Threading.ContextCallback,object,bool)
System.Threading.ExecutionContext:Run (System.Threading.ExecutionContext,System.Threading.ContextCallback,object,bool)
System.Runtime.CompilerServices.AsyncMethodBuilderCore/MoveNextRunner:Run ()
System.Threading.Tasks.AwaitTaskContinuation:InvokeAction (object)
System.Threading.Tasks.AwaitTaskContinuation:RunCallback (System.Threading.ContextCallback,object,System.Threading.Tasks.Task&)
System.Threading.Tasks.SynchronizationContextAwaitTaskContinuation:Run (System.Threading.Tasks.Task,bool)
System.Threading.Tasks.Task:FinishContinuations ()
System.Threading.Tasks.Task:FinishStageThree ()
System.Threading.Tasks.Task`1<bool>:TrySetResult (bool)
System.Threading.Tasks.TaskCompletionSource`1<bool>:TrySetResult (bool)
WakaTime.Plugin/<>c__DisplayClass29_0:<SendHeartbeat>b__0 (UnityEngine.AsyncOperation) (at ./Library/PackageCache/com.daniel-geo.unityhackatime@5ac210a9a287/Editor/Plugin.cs:176)
UnityEngine.AsyncOperation:InvokeCompletionEvent ()

(Filename: ./Library/PackageCache/com.daniel-geo.unityhackatime@5ac210a9a287/Editor/Plugin.cs Line: 187)

<HackaTime> Sent heartbeat!
UnityEngine.Debug:ExtractStackTraceNoAlloc (byte*,int,string)
UnityEngine.StackTraceUtility:ExtractStackTrace ()
UnityEngine.DebugLogHandler:Internal_Log (UnityEngine.LogType,UnityEngine.LogOption,string,UnityEngine.Object)
UnityEngine.DebugLogHandler:LogFormat (UnityEngine.LogType,UnityEngine.Object,string,object[])
UnityEngine.Logger:Log (UnityEngine.LogType,object)
UnityEngine.Debug:Log (object)
WakaTime.Plugin/<SendHeartbeat>d__29:MoveNext () (at ./Library/PackageCache/com.daniel-geo.unityhackatime@5ac210a9a287/Editor/Plugin.cs:203)
System.Runtime.CompilerServices.AsyncMethodBuilderCore/MoveNextRunner:InvokeMoveNext (object)
System.Threading.ExecutionContext:RunInternal (System.Threading.ExecutionContext,System.Threading.ContextCallback,object,bool)
System.Threading.ExecutionContext:Run (System.Threading.ExecutionContext,System.Threading.ContextCallback,object,bool)
System.Runtime.CompilerServices.AsyncMethodBuilderCore/MoveNextRunner:Run ()
System.Threading.Tasks.AwaitTaskContinuation:InvokeAction (object)
System.Threading.Tasks.AwaitTaskContinuation:RunCallback (System.Threading.ContextCallback,object,System.Threading.Tasks.Task&)
System.Threading.Tasks.SynchronizationContextAwaitTaskContinuation:Run (System.Threading.Tasks.Task,bool)
System.Threading.Tasks.Task:FinishContinuations ()
System.Threading.Tasks.Task:FinishStageThree ()
System.Threading.Tasks.Task`1<bool>:TrySetResult (bool)
System.Threading.Tasks.TaskCompletionSource`1<bool>:TrySetResult (bool)
WakaTime.Plugin/<>c__DisplayClass29_0:<SendHeartbeat>b__0 (UnityEngine.AsyncOperation) (at ./Library/PackageCache/com.daniel-geo.unityhackatime@5ac210a9a287/Editor/Plugin.cs:176)
UnityEngine.AsyncOperation:InvokeCompletionEvent ()

(Filename: ./Library/PackageCache/com.daniel-geo.unityhackatime@5ac210a9a287/Editor/Plugin.cs Line: 203)

Unloading 6876 unused Assets / (4.2 MB). Loaded Objects now: 7786.
Memory consumption went from 162.5 MB to 158.3 MB.
Total: 9.898200 ms (FindLiveObjects: 0.735600 ms CreateObjectMapping: 0.583300 ms MarkObjects: 5.931700 ms  DeleteObjects: 2.646400 ms)

Prepare: number of updated asset objects reloaded= 0
